Internal ID,Name,Description,Cost Estimate Type
121670,010175,8X8X2.5 BAKERY BOX CLAY WHITE 250/CS FORMAN 175 S/O,Average Cost
121823,010840,12X12 NEWS DRY WAX WRAP 5M/CS FP1212-NEWS PRINT 5/1000  S/O,Average Cost
121882,012226,13.2X6.9X13 JR MART SHOPPER 61# RECYC KRAFT   S/O   250/CS,Average Cost
121883,012258,10.2X6.5X12 BISTRO SHOPPER 61# RECYC KRAFT   S/O   250/CS,Average Cost
121884,012294,8.1X4.5X10.6  TEMPO SHOPPER 61# RECYC KRAFT   S/O   250/CS,Average Cost
121885,012313,10.2X5.1X12.8 MISSY  SHOPPER 61# RECYC KRAFT  S/O  250/CS,Average Cost
121778,030565,HC-8oz COMPOSTABLE HOT CUP 1M 20/50 CASE,Average Cost
121816,031369,R9N 9oz SYMPHONY PPR COLD CUP 2M/CS,Average Cost
121661,031505,6OZ WHITE PAPER CONE CUP  5M 6RBU  25/200CT  S/O,Average Cost
121850,032186,42FC12 12oz COMPOST FOOD CONT 500/CS  **SO**,Average Cost
121783,032612,D16CXL 16oz CLEAR DELI CONT 500/CS,Average Cost
121784,032613,D08CR 8oz CLEAR DELI CONT 500/ MICROWAVEABLE,Average Cost
121785,032614,D12CXL 12oz CLEAR DELI CONT 500/CS,Average Cost
121786,032666,D32CXL 32oz CLEAR DELI CONT 500/CS TALL MICROWAVEABLE,Average Cost
121788,032688,IL409C FLUSH FIT DELI LID 500/CS,Average Cost
121912,033528,4OZ BLK SOUFFLE 2500/CS EMPRESS S/O,Average Cost
121789,033625,D24CR 24oz CLEAR DELI CONT 500/CS,Average Cost
121761,041537,01-22-22B VERTERRA RECT PLATE 7X8.5 300/CS     **SO**,Average Cost
121762,041538,CB-SQ-5X5  VERTERRA SQ PLATE 200/CS     **SO**,Average Cost
121890,061075,C-KCP32 32OZ COKE CUP  600/CS,Average Cost
121891,061076,C-KCP16 16OZ COKE CUP 1M/CS,Average Cost
121892,061077,C-KCP22 22OZ COKE CUP  1M/CS,Average Cost
121916,072686,7153 3-GAL BEV ON THE MOVE 10/CS  **SO**,Average Cost
121906,074680,BB96 BEV ON THE MOVE 96OZ DIS 25/CS    **SO**,Average Cost
121851,080356,42RCB24 24OZ FIBER RECT BOWL 300/CS 8.5x5.5   **SO**,Average Cost
121852,080357,42RCL2432 CLR DOME LID F/24-32 RECT BOWL 300/CS 8.5x5.5  *SO*,Average Cost
121853,081161,3403 1GAL CLR ICE BUCKET 6/CS eta 2/6,Average Cost
121837,082320,EMI-102 BLACK SERVING SPOON 144/CS        **SO**,Average Cost
121917,088572,42142400D25 240oz SQ PULP BOWL 25/CS,Average Cost
121918,088586,36582FG390 36oz 2-COMP BLK REC CONT 390/CS   **SO**,Average Cost
110713,1001659,Taski Swingo 455B,Average Cost
110720,1001666,Taski Swingo 855B,Average Cost
110723,1001669,"IPC Eagle CT15B35 14""",Average Cost
121888,101075,TD40032 32OZ DELI CONT W/LID COMBO    240/CS,Average Cost
121824,120132,"9664PT25 13"" BLK/GOLD CONT 13X13X21 W/ LID 25/CS S/O",Average Cost
121902,121541,"YTD1-9901 9"" WH FOAM HINGE CONTAINER 150/CS",Average Cost
121820,122158,LBH-551 DANISH CONTAINER 300/C 12x5 1/4x2 5/8  *SO**,Average Cost
121821,122178,LBH-651 CLEAR HINGE CONTAINER 7X6X2 500  SPECIAL ORDER,Average Cost
121805,122526,DLT408SRCP 44oz TRANS FLAT LID 1500/CS,Average Cost
121838,122934,EMI-112L LID 1/2 GAL OVAL BOWL 50/CS       **SO**,Average Cost
121839,122984,EMI-1414WH 14x14 SQ WHITE TRAY 25/CS  **SO**,Average Cost
121840,122985,EMI-1414LP 14x14 SQ DOME LID 50/CS  **SO**,Average Cost
121841,122986,"EMI-420CPPWH 12"" ROUND TRAY W/ LID 25/CS  **SO**",Average Cost
121842,122988,"EMI-460CPPWH 16"" ROUND TRAY W/ LID 25/CS  **SO**",Average Cost
121843,122989,"EMI-480CPPWH 18"" ROUND TRAY W/ LID 25/CS  **SO**",Average Cost
121854,123952,2106 1PC 5oz FLUTE CHAMPAGNE PLASTIC 96/CS,Average Cost
121903,128066,YCI8-8062 2COMP CLR NACHO TRAY 6X5 500/CS,Average Cost
121763,130704,"VT-2406 4"" VERTERRA HW SPORK 2500/CS",Average Cost
121871,131474,WHITE TASTER SPOON 3M/CS CPSMWTRBKW3  S/O,Average Cost
121913,133480,BLK HWPP FORK 1M/CS S/O,Average Cost
121976,152165,TR-FB-75D 2-COMP FIBER NACHO TRAY 600/CS  **SO**,Average Cost
121919,153415,55021 KRAFT SQ FLUTED HINGE CONTAINER 4X4X3 400/CS,Average Cost
121920,153416,55421 KRAFT SQ FLUTED MED HING CONTAINER 8X6X3 190/CS,Average Cost
121940,170053,"12"" CORRUGATED CIRCLE 100/CS PIZZA CIRCLE WHITE 11521",Average Cost
121945,198716,8706 4 OZ RED PLAID FOOD TRAY 1/4 LB FOOD TRAY 1M/CS,Average Cost
121946,198717,8707 6OZ RED PLAID FOOD TRAY1M,Average Cost
121505,211517,GBD211517110 FOOD CARRIER  EA BLACK TO GO BAG 21X15X17 STOCK,Average Cost
121743,230012,"PHADE UNWRPD JUMBO STRAW 7.75"" 511203 10/600 MARINE  S/O",Average Cost
121872,231004,"WHT WRP FLEX STRAW 10M/CS 7.75"" JUMBO 25/400/CS S/O",Average Cost
121904,241747,NOB08W 8# WHITE ONEBOX  200/CS 4.5x4.5x3,Average Cost
121779,251042,"R811B 3"" FRILL TOOTHPICK 10/1M",Average Cost
121660,260351,STICKY POS 80MMx270' TAPE THERM REGISTER TAPE 18/CS,Average Cost
121844,290096,290096 WHT TORK RL TOWEL 6 575' PREMIUM SOFT S/O,Average Cost
121975,310067,CZ02 12X4000 CHEESE GUARD FILM 75GA  1/RL,Average Cost
121700,311055,FW-WNG1820 18X2M FILM ROLLS **SO**,Average Cost
121699,323086,T20212 STANDUP WRAP CONTAINER PET TAMPER EVIDENT 280/CS *SO*,Average Cost
121790,323238,"CL9911 9X9 1COMP HINGE CONT 120/CS BLK BASE, CLEAR LID",Average Cost
122058,323700,"FDF008BSS23 DINNER FORK 8"" LUCA BRUSHED - DZ - STOCK",Average Cost
122059,323701,"FSF008BSS23 SALAD FORK 7"" LUCA BRUSHED - DZ - STOCK",Average Cost
122060,323702,"FDK008BSS23 DINNER KNIFE 9.25"" LUCA BRUSHED - DZ - STOCK",Average Cost
122061,323703,"FTS008BSS23 TEASPOON 5.75"" LUCA BRUSHED - DZ - STOCK",Average Cost
122062,323704,"FDS008BSS23 DINNER SPOON 8"" LUCA BRUSHED - DZ - STOCK",Average Cost
122063,323705,"FDF004MSS23 DINNER FORK 8"" CAMERON MIRRORED - DZ - STOCK",Average Cost
122064,323706,"FSF004MSS23 SALAD FORK 7.25"" CAMERON MIRRORED - DZ - STOCK",Average Cost
122065,323707,"FDK004MSS23 DINNER KNIFE 9.5"" CAMERON MIRRORED - DZ - STOCK",Average Cost
122066,323708,"FTS004MSS23 TEASPOON 6"" CAMERON MIRRORED - DZ - STOCK",Average Cost
122067,323709,"FDS004MSS23 DINNER SPOON 7.25"" CAMERON MIRRORED - DZ - STOCK",Average Cost
121791,324123,CL91011 10.5X9.5 1-COMP BLACK BASE HINGE CONT 120/CS,Average Cost
121792,324602,"LH4800D INCREDIBOWL CLR D/LID F/5,8,10OZ BOWL 540/CS",Average Cost
121793,324605,M4810B 10oz BLK INCREDI BOWL 540/CS,Average Cost
121794,324607,LH7200 INCREDIBOWL CLR PP LID F/20-40oz BOWL 352/CS,Average Cost
121795,324612,M7224 24OZ BLACK INCREDI-BOWL 352/CS,Average Cost
121796,324613,M7232 32OZ BLACK INCREDI-BOWL 352/CS,Average Cost
121895,330644,3PLY BLACK PROTECTIVE MASK 2M/ 40 BOXES OF 50,Average Cost
121893,330660,3PLY BLK PROTECTIVE MASK 300/C 6 BOXES OF 50,Average Cost
121692,331103,APRON LG 28X46 POLY 10/100/CS BLUE ***S/O***,Average Cost
121873,331841,SM LATEX GLOVE 10/100 8621S POWDERED NATURAL,Average Cost
121874,331845,SM LATEX GLOVE 10/100 5 MIL POWDERED 8621S,Average Cost
121875,331897,SM POWDR FREE LATEX GLOVE 1M 10/100 NATURAL  8971S,Average Cost
121876,331898,MED POWDR FREE LATEX GLOVE 1M 10/100 NATURAL 8622M,Average Cost
121877,331899,LG POWDR FREE LATEX GLOVE 1M EXAM 4.5 MIL 8622L S/O,Average Cost
121878,332019,"18"" BLUE POLY SLEEVES 1M MPE-185-1000B",Average Cost
121671,332325,BLUE NITRILE GLOVES MED 10/100 VERGE 80992 S/O,Average Cost
121672,332327,BLUE NITRILE GLOVES XL 10/100 VERGE 80994 S/O,Average Cost
121879,333512,"18"" PLASTIC SLEEVE 1M/CS MPE-185-1000W",Average Cost
121938,350090,14X10X4 WHITE WIND BOX 100/BD 1/4 SHEET TUCK TOP WINDOW S/O,Average Cost
121941,351021,14X10X3 DOUNUT TRAY 250/BDL 1021 WHITE CLAY COAT S/O,Average Cost
121942,351032,15X11-3/16X2-3/4 DONUT BOX WHT WHITE ONE PIECE 100/CS,Average Cost
121650,351142,SIDE BAR BOX 25/BDL 21 X 13 1/4 X 4 S/O,Average Cost
121780,351143,CATERING BOX HALF PAN 50/CS 13x10-7/8x3 CCBHP13113 S/O,Average Cost
121901,351573,OPEN WATER 16OZ PURIFIED WATER ALUMINUM BOTTLE 24/CS,Average Cost
121943,351583,12X9X3 BAKERY BOX 100/BDL 1583 WHITE S/O,Average Cost
121939,353047,9X5X4 BAKERY BOX 250/BDL 0949K KRAFT S/O,Average Cost
121930,373023,"RD700 7"" ROUND ALUMINUM CONT 500/CS",Average Cost
121931,373024,"RD900 9"" ROUND ALUMINUM CONT 500/CS",Average Cost
121932,373025,"PL705 7"" PLASTIC DOME LID 500/CS",Average Cost
121933,373026,"PL905 9"" PLASTIC DOME LID 500/CS FITS 372046",Average Cost
121934,373027,"PL805 8"" DOME LID  500/CS",Average Cost
121921,373202,H52080280F180 1-COMP CLR HINGE CONT 8X8 180/CS,Average Cost
121922,373203,H58080030F180 3-COMP CLR HING CONT 8X8 180/CS,Average Cost
121905,373212,H52060190F450 CL SANDWICH CONT 6X6  450/CS,Average Cost
121923,373214,H53090300F264 CLR HOAGIE CONT 6X9  264/CS,Average Cost
121974,390038,18X500 HEAVY FOIL ROLL 18 MIC WELLCARE S/O,Average Cost
121815,391042,18X1000 STD FOIL ROLL F18000SD,Average Cost
121813,391050,12X1000 12X1M STD FOIL ROLL F12000SD,Average Cost
121814,391051,18X500 18X500 STANDARD FOIL F18500SD,Average Cost
121811,392110,9X10 POP UP FOIL 6/500 FPU9103000,Average Cost
121812,392136,12X10 POP UP FOIL 6/500 FPU12103000,Average Cost
121966,400341,S-71 SILICONE PANLINER 1M/CS 35 LB,Average Cost
121849,419144,13X18 .80MIL BOPP POUCH 1M/C PERF P160  S/O,Average Cost
121845,430500,DX500 WHITE TORK XPRESSNAP FIT 8640/CS,Average Cost
121846,430520,DX506E NATURAL TORK XPRESSNAP 8640/CS,Average Cost
121926,430819,712 1PLY WHITE LOWFOLD 8000/ /CS JR LOWFOLD S/O,Average Cost
121927,431563,20500 1PLY TALLFOLD HYNAP 20/500 CS NAPKIN  WHITE S/O,Average Cost
121781,431966,15X17 BLK DINNER NAP 8/125CS 1000/CS 2PLY 1/8 FOLD. S/O,Average Cost
121676,432004,38000 DIXIE ULTRA NAPKIN 12/CS WHITE 2 PLY SMARTSTOCK S/O,Average Cost
121677,432005,38015 DIXIE ULTRA NAPKIN 12/CS BROWN 2 PLY SMARTSTOCK S/O,Average Cost
121856,440548,48E POPCORN BOX 500/CS 4X3X8 RED/ WHITE STRIPES S/O,Average Cost
121889,450046,37490 WHITE M/F TOWEL 16/250 8X9.4 MULTIFOLD,Average Cost
121847,450102,120133 1PLY PAPER TOWEL 6/CS TORK CENTERFEED WHITE S/O,Average Cost
121857,457436,9340-06 PURELL WIPES  6/110CT HEALTHCARE SURFACE DISINFECTNG,Average Cost
121858,457437,PURELL FOODSERVICE WIPES 12/CS 9371-12 72-COUNT F/SURFACE,Average Cost
121896,460032,GJO3520006  12' WHITE T.T 6/CS JUMBO ROLL S/O,Average Cost
121897,460034,NP-62000P-12 12' WHITE T.T 6/CS JUMBO ROLL,Average Cost
121668,463211,FACTORY DONUTS XPRESSNAP 6M/CS WHITE PRINT Z62512D1,Average Cost
121868,467412,HG-3000C SEAT COVER 24/125 HEALTH GARDS  S/O,Average Cost
121831,490168,21X4X35 .8MIL CLR POLY BAG 250/CS GUSSET BAG S/O,Average Cost
121832,491086,"22"" WHT TAKE OUT BAG 100/CS 14X15.25+14BG LOOP HANDLE",Average Cost
121833,491531,10X15 VACUUM SEAL BAGS 1M/CS 3MIL S/O,Average Cost
121834,491532,10X18 VACUUM SEAL BAGS 500/CS 3MIL S/O,Average Cost
121835,498326,6X3.5X15 HOLE VENTED BAG 1M/CS VTD063515 LOW DENISTY S/O,Average Cost
121836,498327,12X6X24 HOLE VENTED BAG 1M/CS VTD12624 LOW DEN VENTED S/O,Average Cost
121777,500066,40X47 BLACK 45 GAL CANLNR 100/ ACM-4047 CORELESS S/O,Average Cost
121864,500164,33X39 2MIL BLK CANLNR 100/CS X6639QK  S/O,Average Cost
121865,500186,38X60 22MIC NAT CANLNR 150/CS Z7660WN R01 S/O,Average Cost
121866,500520,24X33 12MIC NAT CANLNR 20/25 Z4833MN R02 S/O,Average Cost
121869,510571,TERRY TOWEL WHITE 5DZ/CS 536-60-5DZBX 17X20 BAR TOWEL,Average Cost
121870,510572,TERRY TOWEL WHITE 10# 537-10,Average Cost
121899,510642,"00672 60"" MICROFIBER HANDLE EA ALUMINUM TELESCOPIC",Average Cost
121962,510644,"14"" CLEAN & SHINE PAD 5CS S/O",Average Cost
121855,510866,SPICED APPLE EASY FRESH 2.0 12/BX 72/CS REFILL  S/O,Average Cost
121859,511855,5193-04 PURELL HAND SANITIZER 4/1200ML FMX-12  E3 RATED FOAM,Average Cost
121860,511907,7753-02-CV ES8 PURELL CV 2/CS 800ML TF FOAM SANITIZER HLTH,Average Cost
121861,511908,5215-02 FMX-20 PURELL SOAP 2CS 2000ML HEALTHY FOAM SOAP,Average Cost
121862,511909,5213-02 FMX-20 PURELL SOAP 2CS 2000ML HEALTHY FOAM MILD SOAP,Average Cost
121947,512211,12949 ORANGE PLUS DEGREASER 4/1GAL,Average Cost
121801,512212,QUAT SANITIZING TABLETS 4/200 STERILIZER SANI-TABS - STOCK,Average Cost
120994,512523,20-BUSHEL POLY TAPER TRUCK EA 51126020A-3S  GRAY    S/O,Average Cost
121828,513277,6112922 SILVER POWER 2/8# FLATWARE PRESOAK,Average Cost
121829,513717,6000064 TOTAL HAIR/BODY WASH 6/750ML  S/O,Average Cost
121830,513723,6102058 LAUNDRY FRESH 2/1.3LTR FACILIPRO AIR FRESHENER  S/O,Average Cost
121963,514433,PROTECT & SHINE FLR PROTECTOR 2/1GAL SCOTCHGARD  S/O,Average Cost
121051,516128,"BWK638 TELESCOPIC HANDLE EA 36"" TO 60"" F/DUSTER  S/O",Average Cost
121058,517284,0001TD0320AB MOP FRAME  EA S/O,Average Cost
121880,518073,"LWYS18 18"" FLAT MOP YLW 12/PK MICROFIBER WET MOP  S/O",Average Cost
121894,518495,M915100P 16X16 PINK MICROFIBER 15DZ/CS   S/O,Average Cost
121964,519875,"20"" NAT/TAN PAD 3500-20  5/CS S/O",Average Cost
121965,519876,"20"" TAN PAD 3400-20  5/CS S/O",Average Cost
121928,520056,3/4X60 MASKING TAPE CP105 48CS 18MMX55M,Average Cost
121886,527052,"3""X3000FT CLR HOT MELT 4RL/CS F4324",Average Cost
121887,527053,"3""X330FT CLR HOT MELT 24RL/CS F4322",Average Cost
121929,527082,"1""X60YD CP150 PAINTER'S TAPE 48RLS/CS GREEN  S/O",Average Cost
121848,530397,6232100 BLK XPRESSNAP DISP 4/C BLACK & CLEAR TABLETOP,Average Cost
121528,531202,"TD-120 1RL JUMBO TISS DISP 14"" SMOKE - EA - S/O",Average Cost
121410,533108,AB14 DYSON AIRBLADE HAND DRYER 110-120V GRAY  S/O,Average Cost
121782,534072,DS-4077 ELECTRONIC TOWEL DISP CHESAPEAKE DISPENSER,Average Cost
121867,541299,FWV10W-288 VOTIVE CANDLES 10HR WHITE - STOCK 288/CS,Average Cost
121008,553422,34202423 GRAY SWING LID F/ TRIMLINE CANS - EA - S/O,Average Cost
121392,553425,2128657 4-SHELF UTILITY CART BLK HEAVY DUTY   S/O,Average Cost
121393,556146BK,2089821 BLK 23GAL STEP-ON CONT EA   S/O,Average Cost
121260,560038,56384813 AS5160T FLR SCRUBBER VIPER 105a/h WET BATTERIES S/O,Average Cost
121806,560193,659B500 HARD AS NAILS 5GAL FLOOR FINISH,Average Cost
121807,560306,Z321C1200  Drain Treatment Neem  4/100-count  PROBIOTIC SOLUTIONS,Average Cost
121808,560307,Z320C1400 Grease Trap and Drain Cleaner Blocks 64/cs,Average Cost
121809,560309,GARBAGE DISPOSAL CLEANER 30/CS 2OZ  2605P5700  S/O,Average Cost
121248,560676,501-0022 REPLACEMENT BATTERY LITHIUM CARBON LITE S/O,Average Cost
121249,567026,MOSQUITO 10 QT BATTERY BCKPK 10-1022 CARBON-LITE STNDRD TLS,Average Cost
121009,569040,8690405 MOP WRINGER COMBO 35QT RED - EA - S/O,Average Cost
121744,600034,11X17 COPY PAPER 5/500CT ELI45013   92 BRIGHT  S/O,Average Cost
121662,600035,8.5X14 COPY PAPER 10/500CT UNV24200  92 BRIGHT  S/O,Average Cost
122055,622210,7X5X5 32ECT KRAFT 25/BDL *SPEC O*,Average Cost
121708,624848,"48x40x48"" HSC 48ECT HD 5/BDL KRAFT BULK CONT S/O",Average Cost
121709,630487,"72""X550' 1/8"" POLY FOAM 2/BDL SLIT 36"" PERFED 12"" S/O",Average Cost
121710,720327,20x12x12 32ECT  20/BDL BS201212 S/O,Average Cost
121718,800935,10X10 PRIME RIB BEV 2PLY 4M/C WHITE BEV NAP S/O,Average Cost
121719,800936,12X17 PRIME RIB DIN NAP 900/CS DINNER NAPKIN GUEST TOWEL S/O,Average Cost
121733,801504,"B3901504 CASTERS 9"" SET OF 4 FOR SOLSTICE FRYERS S/ORD",Average Cost
121936,801676,"OREGON GRILLE 4"" ROUND COASTER 2500",Average Cost
121937,801677,"PARLOUR VICTORIA ROUND COASTER 2500  4""",Average Cost
121707,802303,MISC PRINTED COFFEE SLEEVES,Average Cost
121384,802341,29341 CUTTER SEAL FOR MODEL R602Y S/O,Average Cost
121385,802342,117100S LID SEAL FOR MODEL R602Y S/O,Average Cost
121346,802549,20.02.549P DOOR GASKET ICOMBI XS SIZE,Average Cost
121822,802920,12X16 BYGONE GUEST TOWEL 1M/CS 204089 182294 WHITE,Average Cost
121431,803749,03749 GAS HOSE KIT FOR PFG600 HENNY PENNY,Average Cost
121687,803976,"26180 9.75"" CEDAR FAIR PLATE 500/CS",Average Cost
122041,808041,SOUTHERN 32OZ PET CUP 500/CS PTC32-D107-SOUTHERN,Average Cost
122042,808042,BUON 16OZ CLEAR PET CUP 1M/CS,Average Cost
122043,808048,JAILBREAK 16OZ CLEAR PET CUP 1M/CS   PTC16-D98-JAIL S/O,Average Cost
122044,808049,ZVAULT 16OZ CLEAR PET CUP 1M PTC16-D98-ZV S/O,Average Cost
121341,810056,PP10056 FRYER CLEANING BRUSH HI TEMP  S/ORD,Average Cost
121347,810205,ICP XS E 208/240V ICOMBI PRO,Average Cost
121500,810791,10791150S LEFT SHROUD REPLCMNT RS-2D-S1-HD-HC,Average Cost
120935,811305,ES-305C EQUIPMENT STAND MOBILE S/ORD,Average Cost
121252,811872,SW72N-U U/C REFRIGERATOR 3DR,Average Cost
121098,812460,2460HDRC HD DUNNAGE SHELF 2460 S/ORD,Average Cost
121332,813132,13132 LOCKER 5-TIER 12X18X78 BEIGE  KD,Average Cost
121688,813959,53589 12oz CEDAR FAIR COLD CUP 1200/CS,Average Cost
121689,813960,53590 16oz CEDAR FAIR COLD CUP 1200/CS,Average Cost
121690,813961,53591 20oz CEDAR FAIR COLD CUP 1200/CS,Average Cost
121691,813962,53592 30oz CEDAR FAIR COLD CUP 860/CS,Average Cost
121686,813975,"26162 9 3.4"" KNOTT BERRY PLATE 500/CS",Average Cost
121406,814218,"HDG-18 GRIDDLE 18X24 1""THICK 1195304 THERMOSTAT",Average Cost
120936,814306,TVKS-306 WORKTABLE 30X72 W/SINK & DRAWER,Average Cost
121025,814444,44 PRO VHR CONVEYOR DISHWASHER VENTLESS,Average Cost
121026,814445,REASSEMBLE HEAT PUMP 44 PROVHR CHAMPION DISHWASHER LABOR,Average Cost
121027,814446,TABLE LIMIT SWITCH UNMOUNTED WHISKER STYLE  CHAMPION DW,Average Cost
120937,815720,7-PS-20 HAND SINK 14X10X5 W/7-PS-17B SIDE SPLASHES,Average Cost
121145,816036,"60X36FT-G GRIDDLE 60""X30"" NG W/LEG SET   S/ORD",Average Cost
121117,816243,PTS16K-2436 PASS-THRU SHELF 24X36 SINGLE,Average Cost
121070,816318,"B18 Round BASE Only 18""DIA ",Average Cost
121118,816606,BHS1660-16/304 WALL SHELF 16X60 W/END TURN UPS,Average Cost
120938,816754,7-PS-54 HAND SINK 10X14X5 W/7-PS-16 WELDED SIDE SPLASH,Average Cost
121186,816807,BC-807 TAP HANDLE W/BRASS  EA BLK  S/ORD,Average Cost
121253,817568,"RA68N-U-D U/C REFRIGER BASE 68"" MOBILE",Average Cost
121119,817622,SCT022-O WOOD TABLETOP 36X72 TOP ONLY,Average Cost
120939,818242,1824A-12 U/MOUNT SINK 1COMP W/K-6 BASKET DRAIN,Average Cost
121703,820042,MISCELLANEOUS PRINT PLACEMATS,Average Cost
121704,820043,MISC PRINTED DINNER NAPKINS,Average Cost
121705,820049,MISC PRINTED GUEST TOWELS,Average Cost
121706,820058,MISC PRINTED BEVNAPS,Average Cost
121348,820208,ICP 20-FULL NG 208 ICOMBI PRO S/ORD,Average Cost
121072,820213,"SG13 HD SLICER 13"" AUTOMATIC",Average Cost
121421,820265,"B-0265 FAUCET 18"" DBL JOINT 8""OC & LEVER HANDLES",Average Cost
121187,821081,KROWNE DRAFT BEER INSTALLATION,Average Cost
121188,821833,KMT-8S T TOWER 8 FAUCET SS S/ORD,Average Cost
121349,822392,60.22.392 SHEETPAN ADAPTER TOP FOR 20-FULL UNIT,Average Cost
121350,822393,60.22.393 SHEETPAN ADAPTER BTM FOR 20-FULL UNIT,Average Cost
121189,822414,KR24-T14L U/BAR TRASH STATION LEGS ON LEFT    S/ORD,Average Cost
121190,822415,KR24-T14R U/BAR TRASH STATION LEGS ON RIGHT   S/ORD,Average Cost
121056,822466,ALBV2466 BEVERAGE MERCHANDISER 4.2CF  RIGHT HINGED UNITS,Average Cost
121057,822467,ALBV2466 BEVERAGE MERCHANDISER 4.2CF  LEFT HINGED UNITS !!,Average Cost
121046,822813,DOMIX30 WATER METER DOSING PLUS ADDTL HOSE,Average Cost
121047,822814,EMP-SD-SF SGL BANK BAGEL MACHN 3600 BAGELS/HOUR,Average Cost
121048,822815,"BAGEL TROUGH-56 W/2"" DRAIN",Average Cost
121191,823151,23-151 OVERFLOW PIPE SS FOR BAR SINK S/ORD,Average Cost
121120,824108,WF2-24108 WALL FLASHING 24X108 SS #4 BRUSHED PANEL,Average Cost
121085,824118,1FBS8 FALSE BOTTOM INSERT S/ORD,Average Cost
121192,824249,"MS-2424 MOP SINK 24X24 OA 9""DP SS   S/ORD",Average Cost
121185,824250,MH-24 MOP HOLDER 3 MOPS EA S/ORD,Average Cost
121049,824445,EMP-BK-45 BAGEL KETTLE 45GAL 2-RING BURNER NG  S/ORD,Average Cost
121121,824602,SNS02 WORKTABLE WOOD TOP 24X48 W/UNDERSHELF  S/ORD,Average Cost
120974,824833,PRD2HC-1AHS PASS-THRU REFRIG 2DR PAN SLIDES/XSHELVES/CLIPS,Average Cost
121502,825036,SPLASH6-CB25 SPLASH SHIELD FOR VACB25,Average Cost
120993,826800,26800.0000 COFFEE GRINDER DUAL 3LB HOPPERS,Average Cost
121193,827502,KPP50-2 DRAFT BEER POWER PACK ALL ACCESSORIES/TUBING ETC,Average Cost
121351,828031,IVARIOPRO XL COOKING CENTER 208/240/3PH,Average Cost
121200,829833,"KDT-8X33S DRIP TRAY 33""X8"" SS S/ORD",Average Cost
120940,830108,DTC-K30-108R CLEAN DISHTABLE L-SHAPE MODIFIED,Average Cost
121720,830342,10X10 2PLY BEVERAGE NAPKIN RUSE RESTAURANT KRAFT 4M/C S/O,Average Cost
120941,830480,DTC-S30-48R CLEAN DISHTABLE 48 S/O,Average Cost
120942,830672,KSS-306 WORKTABLE 30X72 W/2 DRAWERS SS-2020,Average Cost
121634,830721,"30721 VACUUM BAGS 6""X10"" 3MIL BOX OF 1000",Average Cost
121635,830723,"30723 VACUUM BAGS 8""X12"" 3MIL BOX OF 1000",Average Cost
121636,830731,"30731 VACUUM BAGS 12""X16"" 3MIL BOX OF 500",Average Cost
121637,830786,"30786 VACUUM BAGS 12""X16"" 4MIL BOX OF 500",Average Cost
121352,831018,60.31.018 STAND I STATIONARY XS UNITS  S/ORD,Average Cost
120982,831200,DFG-200 DBL CONVECTION OVEN BAKERY DEPTH W/CASTERS,Average Cost
122045,831618,GUILFORD 20OZ PET CUP 1M/CS PTC20-D98-GUIL S/O,Average Cost
121103,831836,PR1836NK3 PRO SHELF 18X36 EPOXY W/REMOVABLE POLYMER SHLF,Average Cost
121028,832000,DL-2000 DISHWASHER LOW TEMP W/CHEMICAL ALARM  S/ORD,Average Cost
121194,832412,KR24-SD12 U/BAR DRAINBOARD W/KR-SS12 ADDTL SHELF,Average Cost
121342,833010,A3301001 FRYER CLEANOUT ROD S/ORD,Average Cost
121029,833060,UH330ADA U/C DISHWASHER W/DWTK & ROLLER KIT,Average Cost
121422,833990,B-3990 MODULAR WASTE VALVE S/ORD,Average Cost
121122,834110,"WF-DB10 WALL DIVIDER BAR 120""L SS",Average Cost
121099,834463,"63HPS HD SUPER POST 63"" SS",Average Cost
121123,835246,SNB01 WORKTABLE WOOD TOP SS BASE W/MAPLE TOP,Average Cost
121124,835247,SNB02 WORKTABLE WOOD TOP SS BASE W/MAPLE TOP,Average Cost
121125,836120,TNS18 WORKTABLE WOOD TOP 36X120 HARD ROCK MAPLE,Average Cost
121503,836224,"36S-2B24G RANGE 36"" 2-BURNER W/24""GRDDL 3 ROTARY IGNITORS",Average Cost
121112,836424,TFP-64-24M-D-4 SANDWICH UNIT TRUE MNF  4DRAWERS 24 PANS,Average Cost
121201,836722,"722 UTILITY CART 5"" CASTERS S/ORD",Average Cost
121642,837207,BEER CAN GLASS 16OZ PRINTED ROOTS - 36/CS - S/O,Average Cost
121408,838009,3B80AT09 WARMING DRAWER 2 DRWR BUILT-IN 120V S/ORD,Average Cost
120943,838366,TSS-366 WORKTABLE 36X72 OPEN W/TA-25 CASTERS,Average Cost
121423,839601,B-3960-01 WASTE VALVE LEVER HANDLE W/OVERFLOW,Average Cost
121424,840137,"B-0137 PRERINSE UNIT 8""OC S/ORD",Average Cost
121126,840144,4CO6R5-30144 SS CABINET 144X30 W/SINK/FAUCET/CUTOUTS/MIDSHELF,Average Cost
121127,841236,BHS1236 WALL SHELF 12X36 SS,Average Cost
120960,841514,AS1514XSS BAR SINK STAINLESS W/GLASS RINSER ON RIGHT,Average Cost
120944,841620,FS-1-1620 SINK 1COMP NO DRAINBOARDS  RIGHT SPLASH,Average Cost
121086,841723,"GRA-72D3 STRIP HEATER 72"" 2550W 120/60/1 BLT TOG-2",Average Cost
121087,841724,"ATL-D ADJUSTABLE STAND FOR STRIP HEATER 72""",Average Cost
121128,842036,JDTC-20-36R CLEAN DISHTABLE,Average Cost
120945,843018,"ES-LS-3018-X EQUIPMENT STAND 18""X30"" S/ORD",Average Cost
121129,843036,4CO6R5-3036 CABINET W/CUTOUT SCRAP HOLE & SINK CUTOUT,Average Cost
121130,843060,4CO6R5-3060 CABINET 30X60 SS S/ORD,Average Cost
121432,843156,03156 TETHER KIT FOR GAS HOSE S/ORD,Average Cost
121113,843193,T-19-HC R/IN REFRIGERATOR 1DR W/ADDITIONAL SHELF,Average Cost
121425,843962,B-3962 WASTE VALVE LEVER HNDL,Average Cost
121096,845191,MINI JUMBO VACUUM PACK MACHINE DBL SEAL & SERVICE KIT  S/ORD,Average Cost
121630,846991,CE-46991 CONCENTRATE OVEN CLNR 50 TABS 75 GRAM EA  PER TUB,Average Cost
121254,847272,SW72N-D WORKTOP REFRIG S/ORD,Average Cost
120961,847565,7565 1-HANDLE PULLDOWN FAUCET MOEN  CHROME  W/SUPPLY LINES,Average Cost
120946,848184,DC-184 DISH CABINET 18X48 SS W/CUTOUTS,Average Cost
121114,850202,"PBD11B2218-X DROP ICE BIN 22""X18""",Average Cost
121255,850205,D2RNHD-M R/IN REFRIGERATOR W/OOPS & 4 HALF DOOR & CASTERS,Average Cost
120962,851000,DB1000 DEBURRING TOOL S/ORD,Average Cost
120947,851236,WS-12-36-X WALL SHELF 12X36 S/ORD,Average Cost
121131,851506,"PB-DISINK151506-X D/IN SINK 15X15X6""H S/ORD",Average Cost
121132,851824,"DT3B18244-2D18L DISHTABLE W POT/PAN SINK 2 DRAINBOARDS 18""",Average Cost
121100,852136,2136BR WIRE SHELF ZINC 21X36 S/ORD,Average Cost
120948,853072,DTS-D30-72L SOIL DISHTABLE W/DTA-79 RACK & SPLASH K-454,Average Cost
120955,854210,QC7I PF SINGLE 7FC WATER FILTR SINGLE   S/ORD,Average Cost
121379,857111,P7111 ROLL-IN PROOFER 1DOOR INCL INSTALL  208/3PH,Average Cost
121256,857230,"SW72N30M-FB SANDWICH UNIT 72"" FRONT BREATHER 3 DOORS",Average Cost
121066,859110,"59110 PEDESTAL GLASS FILLER 12"" SS",Average Cost
121353,860102,6010.2301 GRID SHELF 2/3 SIZE FOR XS ICOMBI,Average Cost
121354,860311,60.31.170 STAND 1 MOBILE FOR XS ICOMBI,Average Cost
121504,860624,"SX60F-6B24GN RANGE 60"" 6BURNER 24"" GRIDDLE 2 OVENS S/ORD",Average Cost
121771,860625,CASTERS-RR6 CASTER SET OF 6 S/ORD,Average Cost
121355,860737,60.73.768 STACKING KIT XS UNIT S/ORD,Average Cost
121195,861300,BC-300 BEER FAUCET SATIN S/ORD,Average Cost
121196,861918,KR19-18 U/BAR ICE BIN COCKTAIL W RD-18/KR-DC18/C-21 S/ORD,Average Cost
121197,862463,KR24-63C U/BAR 3COMP SINK W/FAUCET S/ORD,Average Cost
121133,863084,ST6-3084SSK-X WORKTABLE 30X84 W/UNDERSHELF,Average Cost
121052,863101,RES10 DEHYDRATOR 10-TRAY 2ZONE S/ORD,Average Cost
121327,864797,"797-N BREAD SLICER 3/8"" SLICE GRAVITY FEED  S/ORD",Average Cost
121356,866208,ICP 6-FULL/6-FULL NG ICOMBI DBLE STACK S/ORD,Average Cost
121357,866480,ICP 6-FULL/6-FULL ICOMBI PRO 480/3PH DBL,Average Cost
121380,867121,P7121 ROLL-IN PROOFER 2-DOOR 208/3PH,Average Cost
121358,867259,60.72.592 CONDENSATE BREAKER,Average Cost
121359,870140,87.01.403US INSTALL KIT ELEC ICOMBI MODELS,Average Cost
120966,871181,GIE18GTNRWW REFRIGERATOR FRZR RESIDENTIAL 18CF WHITE,Average Cost
121134,871224,BHS1224-X WALL SHELF 12X24 SS  S/ORD,Average Cost
120949,871327,9-OPC-84DL CABINET W/MOP SNK S/ORD,Average Cost
121343,871397,A6071397 FRYER CLEANER 25LB S/ORD,Average Cost
121360,871552,8720.1552US INSTALL KIT ICOMBI ELEC MODELS,Average Cost
121101,871824,MAX4-1824G POLY SHELF 18X24 W/POLYPROPYLENE MAT  S/ORD,Average Cost
121344,872323,STARTUP PROGRAM PITCO,Average Cost
120968,872412,724CG-120V-NG DONUT FRYER W/724CG-1000 DRAFT INDUCER,Average Cost
121102,872448,2448HDRC HD DUNNAGE SHELF 2448 S/ORD,Average Cost
121257,872489,"RA43NBS REFRIGERATED WORKTOP 43"" 1FULL/1HALF DOOR",Average Cost
121361,874182,60.74.182 HEAT SHIELD LEFT FOR XS UNIT,Average Cost
121742,875210,60.75.210P HEPA FILTER 2PK FOR ULTRAVENT PLUS HOOD,Average Cost
121362,875826,60.75.826 HEAT SHIELD LEFT 20-FULL UNIT,Average Cost
121363,876178,60.78.178 ULTRAVENT HOOD S/ORD,Average Cost
121501,876585,ACRS-1D-S1-G-HC AIR CURTN REFR W/GLASS DOOR    S/ORD,Average Cost
121043,880030,D1222189 SMART CHARGER EA ELITE PRO  24V/12AMP  S/O,Average Cost
120969,881030,"ALC08-1030E AIR CURTAIN 30"" LOW PROFILE SS FINISH",Average Cost
121088,881312,HWBI-2M D/IN HEATED 2-WELL W/CORD & BALL VALVE,Average Cost
121135,881624,EWS8-1624-X WALL SHELF 16X24 SS S/ORD,Average Cost
120950,883060,"DTS-S30-60L SOIL DISHTABLE 60""",Average Cost
121067,883984,3984 FAUCET REPAIR KIT S/ORD,Average Cost
121326,886603D,DEMO - 56381803 SC3000 A255,Average Cost
121261,887029,CLARKE380B MA50 15B SCRUBBER WALK BEHIND  S/O,Average Cost
121364,887301,8730.1566US INSATLL KIT ELEC FOR IVARIO XL,Average Cost
121068,888253,"8253 SERVICE SINK FAUCET 8""OC S/ORD",Average Cost
121405,890048,60090048 ICE CRUSHER/SHAVER COUNTERTOP 64OZ CAP BOWL S/ORD,Average Cost
121698,890131,"BC-131 1""LOW CASTERS W/BRAKES SET OF 6",Average Cost
121365,891008,9999.1008 TRAVEL TRIP RATIONAL,Average Cost
121097,891191,BOXER42 XL COMBIVAC FOOD PACKAGING MACHINE,Average Cost
121136,891248,"FTFG-1248-X FLOOR TROUGH 48X12 4""DEEP ALL WELD PERF STRAINER",Average Cost
120928,891254,GRRF-2D R/IN REFRIGERATOR 2DR W/CASTERS  S/ORD,Average Cost
121366,892000,9999.2000 PRE-INSTALL SURVEY RATIONAL,Average Cost
121367,892200,9999.2200 CERTIFIED INSTALL XS ICOMBI,Average Cost
121368,892221,9999.2221 IVARIO INSTALLATION,Average Cost
121382,892726,726U-G ROLLIN RACK OVEN ROTATING  1 RACK   NG S/ORD,Average Cost
121411,893936,HMO3936R REFRIGERATED MRCHNDSR W/NITE CURTAIN,Average Cost
121259,894029,94029 U-BRACE FOR KEG RACK S/ORD,Average Cost
120951,894354,"94-3-54-18RL 3COMP SINK 18""DRAINBOARDS  S/ORD",Average Cost
121639,901419,1014FF119 FAST FOOD TRAY 24/cs SHERWOOD GREEN 10X14  S/O,Average Cost
121944,901709,0557 5LB WHITE FOOD TRAY 500/ CS #500 S/O,Average Cost
121655,902514,"923261 82"" GREEN T/COVER 12 FORMAN# 1117   S/O",Average Cost
121948,902956,49202Q956 MIXING GLASS 26.75OZ AMERICA 20s - 6/CS S/O,Average Cost
122057,904289,RP145E5 STEAK MARKER WELL DONE BLACK 5/1000,Average Cost
121010,904523,84104523 LID WASTE CONT 44GAL BRONCO GRAY - EA ,Average Cost
121680,906772,856794 MERRY X-MAS COMBO 500/C PLACEMATS/NAPKINS S/O,Average Cost
121643,906815,N6815 10oz CHAMPAGNE GLASS CHEF & SOMMELIER - 12/CS S/O,Average Cost
121971,908611,86115 FAST FOOD TRAY 12X16 POLYPRO GRAY - 24/CS S/O,Average Cost
120981,909095,"DDI-0909524S-P-G DROP-IN SINK INCLUDES 3"" FAUCET & SPLASHES",Average Cost
121529,910171,SDMF-1K DISPENSER SOAP SANITIZ 35OZ PUR CLEAN BLACK - EA S/O,Average Cost
121054,910314,"SCR314L BEVERAGE COOLER COUNTERTOP 19"" 115V S/O",Average Cost
121530,910516,"ST-105SF SCISSOR TONGS 10.5"" SS MIRROR FINISH - EA S/O",Average Cost
121203,910533,M5010 FOOD MILL GRID 1MM FOR MODEL M5 - EA S/O,Average Cost
121881,910680,1555 BEVERAGE POUCH 128oz CLEAR PET/NY/PE - 25/CS S/O,Average Cost
121644,910774,"FJ774 CHINA PLATE 9"" BRUNCH CAPITALE WHITE - 24/CS - S/O",Average Cost
122027,911391,1139 PIZZA PEEL 11X11X39 WOOD SQUARE SHORT HANDLE - EA S/O,Average Cost
122078,912005,"0021-05 DINNER FORK 7.25"" XHW 18/0 SS CONTINENTAL - DZ - S/O",Average Cost
122079,912038,"0021-01 TEASPOON 6"" XHW 18/0 SS CONTINENTAL - DZ - S/O",Average Cost
121531,912322,ALHP-80 STOCK POT 80QT XHD 3003 ALUMINUM - EA - SPEC ORD,Average Cost
121532,912323,"ALPC-80 COVER FOR 80QT POT 18.78"" DIA - EA - SPEC ORD",Average Cost
122028,912326,"SSC19 GRILL SCRAPER 4"" WIDE WOOD HANDLE - EA S/O",Average Cost
122029,912327,BASQ1020 BASTING COVER GRILL SQ 10X10 ALUMINUM - EA S/O,Average Cost
121533,912344,SCB-4 FLATWARE HOLDER BIN 4 COMPARTMENT SS - EA S/O,Average Cost
121035,912601,CAC121 WAFFLE CONE MAKER EA - S/O,Average Cost
121534,912610,SPJH-602 STEAM PAN 1/6X2-1/2 SS ANTI JAM - EA - SPEC ORD,Average Cost
121535,912612,AXSI-8 INDUCTION STOCK POT 8QT WITHOUT COVER  EA - S/O,Average Cost
121536,912614,AXSI-1 INDUCTION STOCK POT 16 QT WITHOUT COVER  EA - S/O,Average Cost
121537,912616,"UT-9LT UTILITY TONG 9"" SS EA MW SCALLOP EDGE - S/O",Average Cost
121538,912617,"BR-319 WIRE BRUSH 14"" OAL WOOD HANDLE - EA S/O",Average Cost
121539,912620,PST-5B PASTRY BLENDER 5 BLADES SS - EA S/O,Average Cost
121764,912623,CD12H CLEAR HIGH DOME LID 12/16/21 OZ W/HOLE  1M/CS  S/O,Average Cost
121765,912624,CU44N U-HIGH DOME LID CLEAR 44/2Q  NO HOLE   1M/CS    S/O,Average Cost
121540,912625,"WOK-34 JAPANESE WOK PAN 14"" SS CARBON STEEL BLACK - EA S/O",Average Cost
121541,912626,"SC-12 SKIMMER 12"" ROUND PERF SS - EA S/O",Average Cost
121542,912627,CC-2 DONUT CUTTER 3X2.5 ROUND SS - EA S/O,Average Cost
121543,912628,"KWP-82 BREAKING KNIFE 8"" WHITE GERMAN STEEL - EA - S/O",Average Cost
121544,912629,"KWP-102 BUTCHER KNIFE 10"" WHITE HANDLE - EA - S/O",Average Cost
121545,912630,LDIN-1.5 LADLE SERVING 1.5OZ SS 1 PIECE - EA - SPEC ORD,Average Cost
121559,913132,1313025 CAST IRON 1.5QT LARGE RECT TERRINE BLACK - EA S/O,Average Cost
121745,913401,DIPLOMAT COFFEE CONDIMENT KIT CFPCCK111011C50  500/CS  S/O,Average Cost
121776,913402,HA-NECSC-034 BODY LOTION 4/1GL NECTAR  S/O,Average Cost
121914,913403,2018581 ONE SHOT LOTION SOAP 4/1600ML ANTIBACTERIAL S/O,Average Cost
121631,913404,REMOTE CONTROL HOLDER WHT 5/PK B09VB4LT53   S/O,Average Cost
121395,913409,GJO59473 3X5 MAT CHARCOAL  EA INDOOR/OUTDOOR  S/O,Average Cost
121407,913413,"FG9T14L1000  10"" WHEEL F/9T14, 9T13, 9T17  S/O",Average Cost
121663,913414,PGC03250 TIDE PODS  4/112CT SPRING MEADOW  S/O,Average Cost
121678,913415,8601-AC-KIT-02 AC INSTALL KIT 2/CS  F/CXR REDIFOAM DISP S/O,Average Cost
122052,913416,2145-06-BLK DRIP TRAY 6EA/CS SHIELD F/FMX  S/O,Average Cost
121664,913417,WMN109 GRANITE CLEANER 6/24OZ WEIMAN  S/O,Average Cost
121378,913419,GJO58885 PUSH RECEPTACLE 12GAL ROUND TOP  S/O,Average Cost
121682,913424,CAT455 NITRILE GLOVE MD 10/100 ORANGE PF  S/O,Average Cost
121683,913425,CAT456 NITRILE GLOVE LG 10/100 ORANGE PF  S/O,Average Cost
121684,913426,CAT458 NITRILE GLOVE XL 10/100 ORANGE PF  S/O,Average Cost
121746,913427,"MAS88493 FELT PADS 3/4"" 20 CIRCLES/PK  S/O",Average Cost
121394,913428,1901982 4GAL STEP-ON CAN S/S FRONT STEP  S/O,Average Cost
121078,913429,9001-01 WALL BRACKET F/WIPES 1/CS  F/PURELL 9115-02   S/O,Average Cost
121968,913431,"TMMP446016 S1 16"" MOPS 500/CS MICROFIBER SINGLE USE S/O",Average Cost
121969,913432,"TMMP446X16 X1 16"" MOPS 500/CS MICROFIBER SINGLE USE S/O",Average Cost
122076,913434,VMPH531416 MOP FRAME F/MICRFBR LIGHTHOUSE  S/O,Average Cost
122077,913435,"VMFH531G01 MOP HANDLE 42""-72"" ALUMINUM TELESCOPIC S/O",Average Cost
121970,913436,TLDW453522 L3 1/4 FOLD  960/CS MICROFIBER CLOTH  S/O,Average Cost
121183,913781,"WS-2 WATER STATION/ICEBIN DROP IN 27""X20"" S/O",Average Cost
121770,913974,V3 WHITE RIM CLR NO SLOT LID 500/CS,Average Cost
121716,914110,"YQSB600LRLTAB 6"" 1/4 SHEETACKE BLK BASE,ROSE DOME LID  60/CS",Average Cost
121977,915051,SF-NT-2oz NO TREE PORTION CUP 2M/CS        **SO**,Average Cost
121978,915052,SFL-NT-2oz PAPER LID F/PORTION CUPS 1M/CS        **SO**,Average Cost
121979,915053,SF-NT-4oz NO TREE PORTION CUP 2M/CS        **SO**,Average Cost
121980,915054,SFL-NT-4oz PAPER LID F/PORTION CUPS 1M/CS        **SO**,Average Cost
121981,915055,CT-NT-16 NO TREE FIBER BOX 300/CS        **SO**,Average Cost
121982,915056,CTL-NT-16 NO TREE LID F/16-32 BOXES 300/CS        **SO**,Average Cost
121983,915057,BO-NT-24W 24oz WIDE SALAD BOWL NO TREE 300/CS        **SO**,Average Cost
121984,915058,BOL-NT-24W WHT FIBER LID F/ WIDE BOWL 300/CS        **SO**,Average Cost
121080,915268,LD-XL LADLE 15OZ STAINLESS S/ORD,Average Cost
121546,915521,MSB-10F FRYER BASKET 10X3 FINE MESH - EA - SPEC ORD,Average Cost
121638,916023,064770 BAMBOO SERVING SPOON 100/CS  SPECIAL ORDER,Average Cost
121711,916351,210BCHIC3915 RECT WHITE TRAY SUGARCANE 100/CS,Average Cost
121712,916352,210BBCUP22 1.5oz MINI WOOD CUP 250/CS,Average Cost
121713,916353,210BCHICLEAF LEAF PLATE SUGARCANE 300/CS,Average Cost
121714,916354,210BCHICSPM WHT SPOON DISH SUGARCANE 300/CS,Average Cost
121715,916355,210BCNEWS850 NEWSPAPER PRINTED BASKED 400/CS,Average Cost
121645,916506,"HN165 CHINA PLATE 6-1/2"" DUDSON HARVEST - 12/CS S/O",Average Cost
121651,916507,NSSWSSB81 CHINA BOWL 8OZ DEEP SIENA BARLEY WHITE - 12/CS S/O,Average Cost
121652,916508,RBGNBSB91 CHINA BOWL 9OZ ANDORRA GREEN 12/CS S/O,Average Cost
121653,916509,STGPEVB71 CHINA BOWL 15OZ PEARL GREY - 12/CS S/O,Average Cost
121654,916511,RBBKNDBL1 CHINA BOWL 37.8OZ BLACK/SIENA BROWN - 6/CS S/O,Average Cost
121685,917906,HGV0179-006 8.5OZ WINE GLASS SYRAH - 6/CS - S/O,Average Cost
121646,918703,J8743 WINE GLASS 13-1/2 OZ REVEAL UP - 24/CS - S/O,Average Cost
121224,918832,M18830 BAKERS SPATULA 4.25X.75 OFFSET BLACK HANDLE - EA - S/O,Average Cost
121002,919060,IBSH2414 INGREDIENT BIN SCOOP 24OZ FOR IBS20147 - EA S/O,Average Cost
121640,920488,1520CWNS488 CAFETERIA TRAY 15X20 DARK CRANBERRY 12/CS S/O,Average Cost
121669,920784,"PRD-42 ROUND CAKE PAN 4"" DIA 2"" DEEP - 6/CS - S/O",Average Cost
122030,921048,SMSR8 6 SPHERE ICE CUBE TRAY BLACK SILICONE - EA - S/O,Average Cost
121207,921504,215060 MANDOLINE SLICER W/SAFETY GUARD - EA S/O,Average Cost
121011,922193,221930 BEVERAGE DISP 3 GAL NON INSULATED W/FAUCET EA S/O,Average Cost
121817,922597,"104448 BOUILLON SPOON BLOIS 6-3/4"" - 12/CS - STOCK",Average Cost
121818,922598,"104543 DESSERT FORK BLOIS 7"" - 12/CS - STOCK",Average Cost
121657,922599,"109465 DEMITASSE SPOON BLOIS 4-5/16"" - 12/CS - S/O",Average Cost
121819,922625,"104463 OYSTER FORK BLOIS 5-1/8"" - 12/CS - STOCK",Average Cost
121658,922627,"195750 SALAD SERVING SET BLOIS 11-5/16"" - 1 SET - S/O",Average Cost
121038,922628,"195753 PASTRY SERVER BLOIS SOLID HANDLE 10-18"" - EA S/O",Average Cost
121202,923303,VRC303023-4-RT VINYL RACK COVER 12 MIL W/ZIPPER S/O,Average Cost
121547,923537,"IT-7  POM TONG 7"" 3 PRONG SS - EA - S/O",Average Cost
121050,923801,E801 CAMBI TABLE W/UMBRELLA HOLE SQUARE 32X32 (923801),Average Cost
121409,924710,RCP-7100 COLD FOOD WELL UNIT DROP-IN W/WL0296 DRAINER PLATE,Average Cost
121138,924845,ST4-2484SSK WORKTABLE 84X24 14/300 S/S STALLION EDGE W/CST,Average Cost
122031,925664,DWP64 BELL PITCHER SS 64OZ EA - SPEC ORD,Average Cost
121404,925919,SKDL25-ESUS2 LETTUCE CRISPER S/O,Average Cost
121802,927083,12708/02 OLD FASHIONED 12.75OZ LUIGI BORMIOLI - 24/CS - S/O,Average Cost
120956,927223,EV927223 QC7I WATER FILTER STM TRIPLE,Average Cost
121961,928052,"WL2805 FANFARE DINNER FORK 7-5/8"" 18/0 SS - 24/PK",Average Cost
120927,928990,KSM8990ER 8QT KITCHENAID MIXER EMPIRE RED - EA S/O,Average Cost
121717,930478,GAY30478 HOOD CLEANER 4/1GAL S/ORD,Average Cost
121225,930752,"M30752 MAGNETIC KNIFE HOLDER 24"" BAR SS - EA - S/O",Average Cost
121548,931291,WA-3129WH WAIST APRON WHITE 32X28 W/2 POCKETS - EA S/O,Average Cost
121003,931510,E3151 DISHWASHER RACK EXTENDER FULL SIZE SOFT GRAY - EA - S/O,Average Cost
122039,931902,"T1902 DINNER SPOON 8"" MATIZ 18/10 SS  - DZ - STOCK",Average Cost
120929,932039,SS-307 WORK TABLE 84X30 W/ COUNTERTOP EDGE S/O,Average Cost
120930,932041,KSS-246 WORK TABLE 72X24 S/O,Average Cost
120931,932042,ODS-12-72 OVERSHELF FOR WORK TABLE 72X12 S/O,Average Cost
120932,932043,FT-3012-X FILLER TABLE 12X30 S/O,Average Cost
120957,932044,750-S LOW TEMP HOLDING CABINET S/O,Average Cost
121628,932046,5027133 CASTERS 2 SWIVEL W/ BRAKES FOR HOLDING CAB. S/O,Average Cost
121627,932047,CE-46829 NON-CAUSTIC CLEANER S/O,Average Cost
120958,932048,AR-7E-DBLPANE ROTISSERIE OVEN W/STACKING HARDWARE S/O,Average Cost
121629,932051,"4007 CASTERS 5"" FOR A ROTISSER OVEN S/O",Average Cost
120959,932052,5009981 STACKING HARDWARE RIGHT HAND FOR ROTISSERIE S/O,Average Cost
121659,932122,10OZ ONION SOUP CROCK BOWL LAREDO BROWN/SPECK - 24/CS S/O,Average Cost
121081,932673,UGFFL PORTABLE FRENCH FRY WARMER X/O,Average Cost
121082,932674,CLED-3000 LED LIGHT BULB FOR FRENCH FRY WARMER S/O,Average Cost
121083,932675,"ST PAN 2 FOOD PAN STAINLESS STEEL 2-1/2"" S/O",Average Cost
121084,932676,TA-10 CONVEYOR TOASTER COUNTERTOP S/O,Average Cost
121071,932693,GME36-I14C MASTER INDUCTION RANGE ELECTRICE S/O,Average Cost
121111,932939,CASTER SET W/2 LOCKING BREAK FOR BROILER JBB-236,Average Cost
121226,933076,M33071WHB Y PEELER MANUAL WHIT SWIVEL BLADE - EA - SPEC ORD,Average Cost
121697,933130,"BC-130 1"" CASTERS FOR A BACK BAR CABINET REFRIGERATOR",Average Cost
122032,933158,"TGP8 SERVING TONG 8-1/2"" SS PERFORATED SATIN FINISH EA S/O",Average Cost
122033,933440,ACCH COPPER MUG 12OZ HAMMERED ANTIQUE COPPER 0 EA S/O,Average Cost
121803,933442,10824/01 16.25OZ WATER TUMBLER BACH BY LUIGI - 24/CS S/O,Average Cost
121804,933443,06794/02 2.25OZ SHOT GLASS BACH BY LUIGI - 48/CS S/O,Average Cost
121908,933444,F1715T BEER GLASS 11.25oz STOLZLE - 24/CS - STOCK,Average Cost
121909,933445,F1717T BEER GLASS 17oz STOLZLE - 24/CS - STOCK,Average Cost
121949,933446,49214Q901 MARTINI GLASS 8.5OZ VINTAGE ART DECO - 6/CS S/O,Average Cost
121950,933447,4854RA351 MARTINI GLASS 5.5OZ VINTAGE DOTS - 24/CS - S/O,Average Cost
121741,933539,BST020MUM28 DISPLAY RISER SET ZIG ZAG DISPLAY - SET S/O,Average Cost
120967,933545,VP545 VACUUM SEALER 2 BARS FLOOR MODEL  S/ORD,Average Cost
121004,934156,36S534151 DISHWASHER RACK GLAS COMP 2 EXT GRAY - EA 4/CS S/O,Average Cost
121012,934204,TRASH RECEPTACLE 23GAL GRAY SLIM JIM HD - EA - S/O,Average Cost
121441,936336,"JUF-36-N REACH-IN UNDERCOUNTER FREEZER,1-SEC,W/SWIV CAST S/OR",Average Cost
121013,936372,"36372500 BROILER BRUSH 30"" FLAT WIRE SS BRISTLE - EA S/O",Average Cost
121069,937067,"DDP069BEP22 9"" PLATE ROUND ARTEFACT ROUND PORCELAIN   S/O",Average Cost
122046,937068,"FDF008GOS23 DINNER FORK 8"" LUCA MATTE BRASS  S/O",Average Cost
122047,937069,"FDS008GOS23 DINNER SPOON 8"" LUCA MATTE BRASS  S/O",Average Cost
122048,937071,"FTS008GOS23 TEASPOON 5-3/4"" LUCA MATTE BRASS  S/O",Average Cost
122049,937072,"FDK008GOS23 DINNER KNIFE 9-1/4""  LUCA MATTE BRASS  S/O",Average Cost
122050,937073,"DCS031WHP23 SAUCER 6"" ROUND MOD PORCELAIN  S/O",Average Cost
122051,937074,SOHO CUP 6OZ ELLIE BIRD LOGO DCS011WHP23  **DECORATED**,Average Cost
121549,937462,ALST-60 STOCK POT 60QT - EA 3003 SUPER ALUMINUM - SPEC ORD,Average Cost
121550,937510,ALST-12 STOCK POT 12QT - EA 3003 SUPER ALUMINUM - SPEC ORD,Average Cost
121551,937554,ALB-24 BRAZIER PAN 24QT ALUM NO COVER - EA - SPEC ORD,Average Cost
121910,937602,3760002T WINE GLASS 13.25OZ STOLZLE - 24/CS - STOCK,Average Cost
121911,937635,3760035T WINE GLASS 19.5OZ STOLZLE - 24/CS - STOCK,Average Cost
121105,938007,B938 WHIPPED CREAM DISPENSER MANUAL 16OZ - EA S/O,Average Cost
121440,938116,"TBB-1SBD-N6 BACKBAR COOLER 24"" S/ORD",Average Cost
121434,938253,TBD-3SBD-N BEER DISPENSER 69X27-1/4 W/CASTERS S/O,Average Cost
121435,938254,153A-3 TRIPLE FAUCET DRAFT TOWER S/O,Average Cost
121436,938255,MST-36-N6 SANDWICH/SALAD UNIT 2 SECTION W/CASTERS S/O,Average Cost
121437,938256,MST-48-N M3 SERIES SANDWICH SALAD UNIT 2 SECTION W/CASTER,Average Cost
121438,938257,TSOS-3R DOUBLE OVERSHELF 36X12X30 S/O,Average Cost
121396,938322,83220 CONDIMENT SYRUP PUMP SS PUMP ONLY - EA S/O,Average Cost
121734,938555,"MEDIUM RARE 9-3/8"" PLATE 12/CS CUSTOM PRINT - S/O",Average Cost
121647,938908,J8908 WINE GLASS 11OZ REVEAL UP - 24/CS - S/O,Average Cost
122053,940253,VAP-4025 DISHWASHING APRON 38X25 HD VINYL CLEAR - EA S/O,Average Cost
121552,940327,TMT-CDF4 THERMOMETER CANDY 100 TO 400 DIAL - EA SPEC ORD,Average Cost
121014,940396,"4039600 PASTRY BRUSH 1.5"" WIDE LACQUERED WOOD HANDLE EA S/O",Average Cost
121015,941055,WASTE CONTAINER 55GAL GRAY 55 GAL BRONCO ROUND EA - STOCK,Average Cost
121146,941200,TK-102-14 JET RICE WASHER EA - S/O,Average Cost
121147,941205,TK-619-02 DIGITAL PH METER EA - S/O,Average Cost
121148,941207,TK-501-05A SEAWEED CONTAINER ELECTRIC 100C/10W - EA /SO,Average Cost
121149,941213,TK-501-02 SAUCE POT 2.2 CUP SS EA - S/O,Average Cost
121150,941219,TK-1136 WHITE WOODEN BRUSH 9X1.5 - EA S/O,Average Cost
121151,941221,TK-403-01 NOODLE STRAINER UDON TEBO - EA S/O,Average Cost
121152,941222,TK-606-03B COPPER GRATER 11X5.5 HANDMADE - EA S/O,Average Cost
121153,941224,HA-1206 TWEEZERS NON SLIP EA - S/O,Average Cost
121154,941227,"HA-1204 SPIKE FOR EEL 5.8"" MEUCHI - EA - S/O",Average Cost
121155,941228,"HA-1203 BRASS SCALER 8"" UROKOTORI - EA - S/O",Average Cost
121156,941231,"HA-1302 CLAM KNIFE 8.75"" SS MIRUGAI - EA - S/O",Average Cost
121157,941232,TK-601-29 SILICONE SUHI MAT LEKUE 9.5X8 - EA - S/O,Average Cost
121158,941234,TK-601-33 BAMBOO SHUSHI MAT MAKISU DOUBLE STRING EA S/O,Average Cost
121159,941235,"TK-402-04-L MESH SKIMMER ROUND KASUAGE 7"" - EA S/O",Average Cost
121160,941237,"TK-401-02-40C COLANDER 16"" SS SHALLOW - EA - S/O",Average Cost
121161,941238,TK-203-06-100 CUTTING BOARD BLACK 40X15.75X.75 - EA S/O,Average Cost
121162,941239,TK-201-08 CUTTING BOARD K-TYPE 17.75X9.75X4 - EA - S/O,Average Cost
121163,941245,TK-201-H40 CUTTING BOARD HI-SOFT 15.75X11.5X.75  EA S/O,Average Cost
121164,941246,TK-205 CUTTING BOARD HI-SOFT 11.75X7.75X.75  EA S/O,Average Cost
121165,941247,"TK-603-05 RICE SPATULA 17"" ANTIBACTERIAL - EA - S/O",Average Cost
121166,941248,SPT-3000 SAUCE POT 5.74OZ GLASS - EA S/O,Average Cost
121167,941249,TK-652-022 SAUCE LADLE SS 8.25X1.5 - EA - S/O,Average Cost
121168,941250,TK-470-250 LADLE ST RAMEN TARE 30CC/1OZ - EA S/O,Average Cost
121169,941251,"TK-402-04-S MESH SKIMMER 6"" ROUND - EA - S/O",Average Cost
121170,941253,TK-604-04 TEMPURA FLOUR MIXING CHOPSTICK HANABASHI - EA S/O,Average Cost
121171,941254,13-0304-0401 SHIRAGA 2000 MANUAL - EA - S/O,Average Cost
121172,941255,13-0298-0801 CABBAGE SLICER MANUAL - EA - S/O,Average Cost
121173,941257,13-0303-0501 NEGI SLICER MANUAL - EA - S/O,Average Cost
121641,941801,120CWP110 PLASTIC PLATTER 12X9 CAMWEAR BLACK - 24/CS - S/O,Average Cost
121386,942904,42904-02 CULINARY TWEEZERS 6-1/4X3/8 OFFSET SS - EA S/O,Average Cost
121506,942917,"429-171201 SERVING BOARD 12"" 5"" HANDLE - NATURAL - EA S/O",Average Cost
121031,943695,43695 MUFFIN PAN 12 - 8.2OZ EA SILICONE GLAZE - EA S/O,Average Cost
121174,944441,TK-605-01 LADLE WOODEN HANDLE SS BOWL - EA - S/O,Average Cost
121175,944442,SPN-101C CERAMIC WHITE SPOON EA - S/O,Average Cost
121176,944443,DNA-102-24 GRILLING PLATE W/LID - EA - S/O,Average Cost
121177,944445,CHR-106 CHOPSTICK REST - EA CARBONIZED MAKURA - S/O,Average Cost
121178,944446,SPT-148 WHITE SAUCE DISPENSER KOHIKI - EA S/O,Average Cost
121179,944447,HA-1405 VEGETABLE SLICER TSUMATARO - EA - S/O,Average Cost
121180,944448,TK-625-02D BONITO SHAVER DARK WOODEN - EA S/O,Average Cost
121181,944449,TK-101-22 RICE COOKER 20CUP ZOJIRUSHI - EA - S/O,Average Cost
121951,944450,"11010470 CHINA BOWL TRAY 4OZ 4"" DIA WHITE - 12/CS S/O",Average Cost
121952,944451,"11010471 CHINA BOWL TRAY 2OZ 3"" DIA WHITE - 12/CS S/O",Average Cost
121953,944452,GWDWTC-SBK TABLE CADDY SQUARE WOOD BLACK WASH - 12/CS S/O,Average Cost
122069,944453,"5514J001 TEASPOON 5-5/8"" SS 18/10 URBAN LA TAVOLA - DZ S/O",Average Cost
122070,944454,"5514J003 DESSERT SPOON 7.5"" SS 18/10 URBAN LA TAVOLA - DZ S/O",Average Cost
122071,944455,"5740SX025 COCKTAIL FORK 5.75"" SS 18/10 HARTMAN - DZ S/O",Average Cost
122072,944456,"5514J041 DINNER KNIFE  9.5"" SS 18/10 URBAN LA TAVOLA - DZ S/O",Average Cost
122073,944457,"5514J023 DESSERT FORK 7.5"" SS 18/10 URBAN LA TAVOLA - DZ S/O",Average Cost
122074,944458,"6023SX056 STEAK KNIFE 9-5/8"" CONTOUR NOIR SATIN - DZ S/O",Average Cost
121954,944459,11070541 CHINA BOWL 36.5OZ TULIP TASTE - 12/CS S/O,Average Cost
121735,944460,EAOP23CA CHINA PLATE 8.85X5.9 OVAL CALDERA - 12/CS S/O,Average Cost
121736,944461,EAOD26RT CHINA BOWL 37.85OZ RUST EASE PLATE - 2/CS S/O,Average Cost
121737,944462,EADC16CL CHINA BOWL 19.25OZ CLAY EASE PLATE - 4/CS S/O,Average Cost
121955,944463,7199TM002 BOWL 9.25OZ MELAMINE GREY STONE - 24/CS S/O,Average Cost
121182,944464,SPT-142 SAUCE DISPENSER GRAPHITE AMBER - EA S/O,Average Cost
121387,944465,"4108 NS R2 FRY PAN 8"" NONSTICK TRI-PLY ALL CLAD - EA S/O",Average Cost
121388,944466,4204 W/LOOP SAUCE PAN 4QT SS ALL CLAD - EA S/O,Average Cost
121389,944467,4202 NL SAUCE PAN 4QT RIVETED SS & ALUM ALL CLAD - EA S/O,Average Cost
121390,944468,BD55508 STOCK POT 8QT W/LID SS & ALUM ALL CLAD - EA S/O,Average Cost
121037,944514,"BLACK CAST IRON FISH FRY PAN OVAL 16"" - EA S/O",Average Cost
121032,944615,44615 LOAF PAN SILICONE GLAZE EA - S/O,Average Cost
121412,945402,T45S4012BF CUTTING BOARD EA 12X18X1 RUBBER   S/O,Average Cost
121033,946127,46125 MUFFIN PAN 12 - 3.8OZ EA SILICONE GLAZE - EA S/O,Average Cost
121016,946883,"4688314 DUO-SWEEP BROOM BLUE 48"" BLACK HANDLE - EA S/O",Average Cost
121509,947282,"47282 FRENCH WHIP 14"" SS EA JACOBS PRIDE - EA S/O",Average Cost
121510,947395,47395 DISHER 2oz #16 ROYAL BLUE - EA S/O,Average Cost
121956,948022,4802R261 SHOT GLASS 1.75OZ WHISKEY RONA - 24/CS - S/O,Average Cost
121553,948043,SSET-3 SAUTE PAN 3QT TRI PLY HD BOTTOM - EA - SPEC ORD,Average Cost
121034,949063,49063 FRENCH BREAD PAN 6 LOAF PERFORATED - EA - S/O,Average Cost
121957,949170,49170Q901 MARTINI GLASS 8.5OZ NOVECENTO - 24/CS - S/O,Average Cost
121958,949174,49170Q904 MARTINI GLASS 5.25OZ NOVECENTO - 24/CS - S/O,Average Cost
121005,949637,49S434110 DISH RACK GLASS EA CAMRACK W/SOFT GRY EXTENDR S/O,Average Cost
120933,950303,7-PS-20 WALL MTD HAND SINK W/SIDE SPLASH S/O,Average Cost
120934,950304,K-400 HANDS FREE WAND ATTACH FOR HAND WASHING SINK S/O,Average Cost
121036,950907,"DRA68NSS-F REFRIGERATED WORK TOP FISH FILE 68"" W/DRAWER/FAN",Average Cost
121106,951202,M512 O PASTRY MOLD SILICONE ORANGE 15 4/5OZ HOLES - EA S/O,Average Cost
121507,952021,5202 XL SYSTEM BLENDER 64OZ 4.2 PEAK HP BPA FREE - EA S/O,Average Cost
121089,952323,GRAH-24D3 FOODWARMER DLB HH W/BRACKETS & LEADS5,Average Cost
121090,952342,"GRS-42-H HEATED SHELF 42"" S/ORD",Average Cost
121738,953225,"YOFP25 CHINA PLATE 10"" YOUNGSTOWN - 12/CS S/O",Average Cost
121511,954350,5435 LOAF PAN 5x10x4 ALUMINUM ANODIZED FINISH - EA S/O,Average Cost
121397,955017,KVP1900 BEVERAGE SERVER 64.2OZ SS 4-6HR RETENTION - EA S/O,Average Cost
121398,955018,KVP1000 BEVERAGE SERVER 33.8OZ SS 4-6HR RETENTION - EA S/O,Average Cost
121554,955024,"LDI-24 SERVING LADLE 24OZ SS 13"" HANDLE 1 PIECE - EA - S/O",Average Cost
121555,955087,"PBM-8N MUDDLER 8"" BLACK NETTED HEAD POLYCARB - EA S/O",Average Cost
120992,955109,515009 MILK FROTHER CUP 20OZ SS TAPERED SPOUT - EA S/O,Average Cost
122056,955210,"SLAT210 EUROPEAN TABLESPOON 8-1/4"" ATLANTIC 18/10 - DZ S/O",Average Cost
121739,955309,ASCLCU09 CHINA CUP 3-1/20 OZ WHITE - 12/CS - S/O,Average Cost
121740,955313,"ASCLSA13 CHINA SAUCER 5-1/10"" WHITE - 12/CS - S/O",Average Cost
121556,955332,ALST-32 STOCK POT 32QT - EA 3003 SUPER ALUMINUM - STOCK,Average Cost
121557,955360,ALHP-60 STOCK POT 60QT XHD 3003 ALUMINUM - EA - SPEC ORD,Average Cost
121512,955460,55460 FRUIT VEGGIE SLICER DICE REDCO INSTACUT 5.1 - EA - S/O,Average Cost
121967,955631,"BPE-0631 CHINA SAUCER 6-3/8"" PORCELAIN WHITE - 24/CS S/O",Average Cost
121758,955801,BPF-0801 CHINA CUP 8 OZ PORCELAIN WHITE - 24/CS S/O,Average Cost
121656,956023,V0450199 3.5OZ ESPRESSO CUP 24/CS - S/O,Average Cost
121648,958220,582207 TUMBLER CLEAR SAN 22OZ 24/CS -  SPEC ORDER,Average Cost
121649,958223,5822L30 DISPOSABLE LID 22OZ STRAW SLOTTED - 1000/CS S/O,Average Cost
121372,960490,60.22.490 MOBILE OVEN RACK FOR FULL SIZE COMBI,Average Cost
121373,960744,60.74.407 ULTRAVENT PLUS EXHAUST FOR XS COMBI,Average Cost
121694,961105,B611 S PASTRY TIP FRENCH STAR 0-9 SS - 10PC/SET - S/O,Average Cost
121695,961201,B612 S PASTRY TUBE TIPS 0-9 SS 10PC/SET - S/O,Average Cost
121558,961218,SPP-1218 12X18 SICILIAN PIZZA PAN HW NON STICK - EA S/O,Average Cost
121696,961301,B613 S PASTRY TIP CLOSED STAR 0-9 SS - 10PC/SET - S/O,Average Cost
121403,961925,HR24C-G U/C REFRIGERATOR GLASS DOOR  S/ORD,Average Cost
121208,962008,"062005 INDUCTION FRY PAN - EA 11-7/8"" BLACK STEEL - SPEC ORD",Average Cost
122040,962606,"FL104 DINNER KNIFE 9"" SOLID SS 18/0 MIKAYLA - DZ - SPEC ORD",Average Cost
121107,964018,M640 18 RING MOLD 3OZ SS RECT DE BUYER - EA S/O,Average Cost
121108,964510,"D510 SLICER EGG / MUSHROOM 6 CUTS - 8"" SS - EA S/O",Average Cost
121209,970214,702214 BAIN MARIE 2-1/4QT W/O LID 18/10 SS - EA S/O,Average Cost
121210,970215,702216 BAIN MARIE 3-1/2QT W/O LID 18/10 SS - EA S/O,Average Cost
121258,970302,"7030A-2 CONE BAKER DUAL 7"" S/ORD",Average Cost
122075,970527,"WL670527 STEAK KNIFE 10.25"" JUMBO FULL TANG - DZ - S/O",Average Cost
121206,971446,"IM44D SPIRAL DOUGH MIXER,53QT 220V/60/3PH,TILTING HEAD S/ORD",Average Cost
121430,971589,"OFE322.0 OPEN FRYER, ELECTRIC 2 WELLS S/O",Average Cost
120991,973147,"ABB72G BACK BAR REFRIG 3SECTIN W/CASTERS 3"" S/O",Average Cost
121184,973933,KR19-33C UNDERBAR SINK 3 COMPARTMENT W/WRIST HANDLE S/O,Average Cost
121198,974424,KR24-24SC CHEMICAL STORAGE CABINET W/SINK ON RT 24X24,Average Cost
121199,974475,"KR24-S36 CABINET W/DRNBRD, KR-SS36 SHLF,KR24-PE36 PERFORT",Average Cost
121375,974725,60.74.725 COMBI STACK KIT FOR ICOMBI 6 OR 10,Average Cost
122034,975001,"TR48 TICKET HOLDER RAIL 48"" SS - EA S/O",Average Cost
122035,975005,"TR24 TICKET HOLDER RAIL 24"" SS - EA S/O",Average Cost
121039,975006,"S284-6 BAKERS SPATULA 6"" SS WHITE HANDLE - EA S/O",Average Cost
121040,975007,"P94801 CHEFS KNIFE 8"" WHITE HIGH CARBON STEEL - EA S/O",Average Cost
121041,975008,"BREAD KNIFE 8"" SCALLOPED EDGE WHITE HANDLE - EA - S/O",Average Cost
121042,975009,"BREAD KNIFE 9"" SCALLOPED EDGE OFFSET WHITE HANDLE EA S/O",Average Cost
121045,975011,DIGITAL LCD SCALE PORTION SS 10LBx.05OZ - EA S/O,Average Cost
121693,975013,074599 CREAM CHARGER CARTRIDGE N2O PURPLE - 50/PK - S/O,Average Cost
121109,975014,"U504 B POCKET THERMOMETER 1"" BLACK - EA S/O",Average Cost
121211,975017,694036 STOCK POT 38QT SS W/HANDLES - EA S/O,Average Cost
121212,975018,694040 STOCK POT 53QT SS W/HANDLES - EA S/O,Average Cost
121213,975019,691014 SAUCE PAN 1QT W/O LID SS - EA S/O,Average Cost
121214,975021,697045 BRAZIER PAN 24QT SS W/O LID - EA - SPEC ORD,Average Cost
121215,975022,697050 BRAZIER PAN 34QT SS W/O LID - EA - SPEC ORD,Average Cost
121216,975023,713550 ROASTING PAN 15-7/8QT SS - EA S/O,Average Cost
121217,975024,691020 SAUCE PAN 4QT SS BODY EA S/O,Average Cost
121218,975025,"070988 PAELLA PAN 11"" SS W/HANDLES - EA S/O",Average Cost
121219,975026,"020426 MESH STRAINER 7"" SMALL SS MESH - EA S/O",Average Cost
121220,975027,"PAP4 CHEF TWEEZER 11.75"" SS EA - S/O",Average Cost
121221,975028,181046 MEAT TENDERIZER 1LB POLYETHYLENE - EA S/O,Average Cost
121222,975029,440001 MICROPLANE ZESTER EA - S/O,Average Cost
121223,975030,"250601 DIGITAL TIMER 2"" DIA 20HRS - EA S/O",Average Cost
121227,975031,"M18390 FISH TURNER 9X4 SS SLOTTED 14"" OAL - EA S/O",Average Cost
121228,975033,M15100P MELON BALLER 7/8X1 DOUBLE - EA S/O,Average Cost
121229,975034,"M14803 POULTRY SHEARS 9.5"" OAL FINE TOOTHED BLADE - EA S/O",Average Cost
121230,975035,M35140 PLATING TOOL 1-1/3OZ SOLID 18/8 SS - EA S/O,Average Cost
121231,975036,"M35160 PLATING TOOL 9"" PERF 8/8 SS - EA S/O",Average Cost
121391,975037,SD55508 STOCK POT 8QT SS & ALU BRUSHED SS FINISH - EA S/O,Average Cost
121508,975039,62826 BLENDER 64OZ VITA PREP 120V 3 PEAK HP - EA S/O,Average Cost
121513,975040,47755 FRY PAN 7-13/16 NONSTICK CERAMIGUARD - EA S/O,Average Cost
121514,975041,"69610 FRY PAN 10"" NONSTICK TRIVENT - EA S/O",Average Cost
121515,975042,"58044 4 OZ KOOLTOUCH LADLE 12"" BLACK HANDLE - EA S/O",Average Cost
121516,975043,"4981220 LADLE 12OZ HD 12-1/8"" BLACK KOOL TOUCH - EA S/O",Average Cost
121517,975046,4808820 TURNER SOLID SS 8X3 BLACK HANDLE - EA S/O,Average Cost
121518,975047,78725 BAIN MARIE POT 2QT SS LOW PROFILE - EA S/O,Average Cost
121972,975048,2912-13 SQUEEZE BOTTLE 12oz CLOSEABLE CLEAR CAP 12/CS S/O,Average Cost
121519,975049,47376 RED DISHER 1.52OZ #24 EA SPEC ORD,Average Cost
121520,975050,69030 BOWL MIXING 3QT SS EA S/O,Average Cost
121521,975051,5IPF25 INDUCTION STEAM PAN FULLX2-1/2 SUPER PAN V  EA S/O,Average Cost
121522,975052,5IPF40 INDUCTION STEAM PAN FULLX4 SUPER PAN V  EA S/O,Average Cost
121523,975053,5IPH25 INDUCTION STEAM PAN HALFX2-1/2 SUPER PAN V  EA S/O,Average Cost
121524,975054,5IPH40 INDUCTION STEAM PAN HALFX4 SUPER PAN V  EA S/O,Average Cost
121006,975055,GLASS DISHWASHER RACK 30COMP BLACK - EA S/O,Average Cost
121007,975056,GLASS DISHWASHER RACK 36COMP SHERWOOD GREEN - EA S/O,Average Cost
121017,975057,"36682400 SQUEEGE 22"" HD BLACK THREADED HOLE - EA S/O",Average Cost
121018,975058,"4026200 SQUEEGE HANDLE 60"" TAPERED HARDWOOD - EA S/O",Average Cost
121019,975059,3619200 FLOOR BRUSH 10X2-7/8 HARDWOOD BLOCK THREADED EA S/O,Average Cost
121020,975060,4690404 MOP BUCKET WRINGER COMBO YELLOW - EA S/O,Average Cost
121021,975061,"3619714 FLOOR BRUSH 10"" BLOCK BLUE BRISTLES FLO THRU EA S/O",Average Cost
121022,975062,"36141603 LOBBY DUST PAN BROOM SET DUO PAN 30"" - EA S/O",Average Cost
121023,975068,4071000 GRILL GRIDDLE BRICK 8X4X3.5 - EA S/O,Average Cost
121079,975070,LIQUID MILK FROTHER CLEANER MACHINE - EA - S/O,Average Cost
121525,975071,1502-31 BUS BOX 20x15x5.75 GRAY DELUXE DRAIN - EA S/O,Average Cost
121526,975072,4530 EMPLOYEES MUST WASH HANDS 3X9 WHITE ON BLACK - EA S/O,Average Cost
122036,975074,SMSR4 4 SPHERE ICE CUBE TRAY BLACK SILICONE - EA - S/O,Average Cost
122037,975075,SMSC4 4 SQUARE ICE CUBE TRAY BLACK SILICONE - EA - S/O,Average Cost
122038,975076,MCBPBSS GUEST CHECK PRESENTER SS - EA S/O,Average Cost
120995,975077,BEVERAGE DISPENSER 10X7.5X29 DARK STAINED OAK BASE EA S/O,Average Cost
120996,975078,SIGN HOLDER 10X11X43.5 BLACK METAL HOLDS 8.5X11 EA S/O,Average Cost
120997,975079,3309-71 NAPKIN HOLDER BLONDE 6.25X6.25X5.5 - EA S/O,Average Cost
120998,975080,TABLETOP SIGN BOARD CHALKBOARD 9X4X11 GRAY WASH - EA S/O,Average Cost
120999,975083,3499-99 BAR CADDY 10.75X7X4.75 RUSTIC PINE - EA S/O,Average Cost
121000,975084,2052-99 CONDIMENT CADDY RUSTIC PINE 6X13X15 EA S/O,Average Cost
121024,975092,911403 BOOSTER SEAT STACKABLE BLACK 50LB CAP - EA - S/O,Average Cost
121702,975093,COCKTAIL SHAKER 28OZ & 18OZ ANTIQUE COPPER PLATE SET - S/O,Average Cost
121232,975094,BAR STRAINER HD 2 PRONG SS ANTIQUE COPPER PLATE - EA  S/O,Average Cost
121233,975095,M37000ACP JIGGER 1/2 & 3/4OZ ANTIQUE COPPER PLATE - EA  S/O,Average Cost
121234,975096,M37005ACP JIGGER 1 & 2OZ 18/8 ANTIQUE COPPER PLATED EA S/O,Average Cost
121235,975097,"M37013ACP BAR SPOON 15.75"" ANTIQUE COPPER PLATED EA S/O",Average Cost
121236,975098,"M37022 MUDDLER 8.25"" COMPOSITE EA - S/O",Average Cost
121237,975099,"M33910B PARING KNIFE 4"" HIGH CARBON - EA S/O",Average Cost
121238,975101,M15450P LEMON LIME ZESTER 5.75 POLYPRO HANDLE - EA S/O,Average Cost
121701,975103,M37068 LIQUOR POURER SS SPOUT TAPERED - 12/PK - S/O,Average Cost
121239,975104,M37134 BITTERS BOTTLE 1.7OZ GLASS W/SS THREAD - EA S/O,Average Cost
121240,975105,"M33082 WAITERS CORKSCREW 4.75"" BLACK - EA S/O",Average Cost
121241,975106,"M37023 CITRUS SQUEEZER 8-7/8"" CAST ALUM W/ SS PIN - EA S/O",Average Cost
121752,975110,BEVERAGE SIGN CREAM SKIM SOY MILK - 4/PK - S/O,Average Cost
121399,975111,"DT6BS DRIP TRAY 6"" ROUND SS BRUSHED FINISH - EA S/O",Average Cost
121400,975112,AIRPOT 3 LITER 4-6HR RETENTION SS LINER BRUSHED FINISH EA S/O,Average Cost
121401,975113,SB-43 DISPLAY TRAY 16.5X13.5 BRUSHED FINISH - EA S/O,Average Cost
121402,975114,FROTH206 FROTHING PITCHER EA .6 LITER SS - EA - SPEC ORDER,Average Cost
122068,975115,"331-02 DRINK POUR DUST CAP 2.25"" BLACK VINYL - DZ - S/O",Average Cost
121959,975116,DECANTER CARAFE 36.5OZ YPSILON CRYSTAL - 6/CS - S/O,Average Cost
121960,975117,DECANTER CARAFE LID FOR 36.5OZ 4945Q412 YPSILON - 6/CS S/O,Average Cost
121433,975118,SLME012 METAL PITCHER 12OZ SS MIRROR FINISH - EA - S/O,Average Cost
121973,975119,214 SYRUP POURER 14OZ GLASS CHROME TOP - 12/CS - S/O,Average Cost
121527,975121,46895 ICE SCOOP 85OZ CAST ALUM - EA - SPEC ORD,Average Cost
121110,975123,D311 F MANDOLINE SLICER 4.5X16 38 BLADE SS VERTICAL - EA S/O,Average Cost
121250,975180,"5524 MAGNETIC KNIFE HOLDER 24"" BLACK PLASTIC W/POUCH - EA S/O",Average Cost
121001,975200,22110-99 STRAW HOLDER RUSTIC PINE - EA S/O,Average Cost
121442,975379,TOM-40LB-N OPEN DISPLAY MERCH HORZ. W/NCT-40-B NIGHTCOVER,Average Cost
121091,975442,"HL5-42 GLO-RITE CURVED DISPLAY LIGHT STRIP, LED, 42""LONG S/O",Average Cost
121439,975450,M3R19-1-N REACH IN REFRIGERATR S/O 18.7 CU.FT.,Average Cost
121251,979825,KGH-ES-30-S OPEN MERCHANDISER W/ELECTRIC CURTAIN S/ORD,Average Cost
121053,979920,"SGR5048CD DELI CASE REFRIG 50""W X 36""D W/CASTERS",Average Cost
121665,980047,DIA33809 DIAL HAND SOAP 4/1GL HYPOALLERGENIC S/O,Average Cost
121115,980060,ST6R5-3060GSK-X WORK TABLE 60X30 STAINLESS STEEL S/O,Average Cost
121116,980061,ST6R5-3024GSK-X WORK TABLE 24X30 STAINLESS STEEL S/O,Average Cost
121673,980101,CANOPY-SS SCREWS AND GROMMETS FOR 454CAM-AKA UMBRELLA,Average Cost
120952,981024,UDF0240A UNDERCOUNTER ICE MAKER CUBE STYLE S/O,Average Cost
120953,981025,K00519 LUMINLCE II VIRUS & BACTERIA INHIBITOR S/O,Average Cost
120954,981026,AR-10000-P WATER FILTER ASSEM S/O,Average Cost
121055,981048,"ACF48WCSSADA UNDERCOUNTER FREEZER ONE SECTION 24"" s/o",Average Cost
121204,981441,"814410 STRAINER CAP 8"" BOWL EXTRA FINE MESH SS - EA S/O",Average Cost
121810,981564,V0081564 8OZ CUP STACKING 12/CS - STOCK,Average Cost
121376,982212,9999.2212 CERTIFIED INSTALL FLOOR ICOMBI UNITS,Average Cost
121756,982323,"CASTER SET HD RANGE 48""",Average Cost
121328,983016,J1836K WIRE SHELF 18X36 S/O,Average Cost
121329,983017,"J74K SHELVING POST GREEN EPOXY 74"" S/O",Average Cost
121330,983019,J1824K SHELVING WIRE 18X24 GREEN EPOXY S/O,Average Cost
121331,983020,J1842K SHELVING WIRE 18X42 S/O,Average Cost
122054,983021,J1836WSK-SR WALL MOUNT KIT 36X18 S/O,Average Cost
121137,983048,"EES8-3048SSK EQUIPMENT STAND 30"" X 48"" W/UNDERSHELF",Average Cost
121666,985274,"MOT40703 ADHESIVE REMOVER 6/CS 32OZ F/TAPE,LABEL  S/O",Average Cost
120990,985342,"B-830-372 SOAP DISP 6"" SPOUT PUMP SUREFLO  S/O",Average Cost
121667,987509,PGC03243 TIDE PODS  4/112CT ORIGINAL  S/O,Average Cost
121632,989723,QUART  JUG  32OZ 96/CS MVP32DBJTALLN S/O,Average Cost
121633,989729,QUART JUG  32OZ TALL 96/CS HDPE 38DBJ MVP32DBJTALLN  S/O,Average Cost
121443,99012U,BLUE 30 IN SQUEEGEE BLADE 240-0012,Average Cost
121444,99030U,PLASTIC TRIGGER 238-5030,Average Cost
121445,99031U,ROCKER SWITCH 602919 993-0031,Average Cost
121446,99050U,HOSE ADAPTOR 175-0050 160485,Average Cost
121447,99059U,3/8 QUICK DISCONNECT COUPL 225-0059,Average Cost
121262,99080A,BUSH FLANGED GFM1214-09 9097008000,Average Cost
121448,99087U,QUICK DISCONNECT PLUG 1/4 225-0087,Average Cost
121449,99088U,KEY SWITCH KIT 275-8088 9004968,Average Cost
121450,99098U,ROCKER SWITCH 601107 175-3098,Average Cost
121451,99102U,STRAP ASSY 1033102 991-2422,Average Cost
121452,99118U,WHEEL 174-0118,Average Cost
121759,99160U,TASKI VAC BAGS 991-9096 8502160 10PK,Average Cost
121453,99165U,HOSE CLIP 275-8165 1001992,Average Cost
121454,99196U,SOLENOID 605905AM 993-0196,Average Cost
121455,99221U,REAR FRAME WELDMENT 1208498 375-0221,Average Cost
121456,99227U,SPRAY JET TIP 175-7227 1002543,Average Cost
121263,99232A,STRAP 32 SQUEEGEE CLAMP2426 60232A,Average Cost
121457,99237U,BURSH PULLEY ASSY 175-7237 1001217,Average Cost
121458,99238U,SCREW 175-7238 140827,Average Cost
121459,99240U,BRACKET 1001083 175-7240,Average Cost
121460,99242U,SQUEEGEE TOOL ASSY 9000145 991-2420,Average Cost
121461,99265U,BEARING BALL 993-0265 140125,Average Cost
121264,99314A,56003114 PIN SPR .16 X .88,Average Cost
121265,99319A,56104319 TUBE-STEERING ASSY,Average Cost
121462,99383U,BATTERY HAND PUMP 375-9383 1236295,Average Cost
121463,99393U,WASHER 999-0393 140011,Average Cost
121266,99398A,SCR-HEX PLASTIC M8-1.25X16MM 56003890,Average Cost
121464,99444U,BRUSH SEAL 575266000 175-6444,Average Cost
121465,99451U,MAIN HARNESS 275-9669 1025451,Average Cost
121466,99506U,STRAP 175-5506 613910,Average Cost
121467,99517U,SCREW 999-1517 609062,Average Cost
121267,99652A,SCREW SHOULDER M12X16 9096520000,Average Cost
121468,99654U,MAGNETIC DRIVE HUB 1227654 375-4183,Average Cost
121268,99727A,9097824000 BUSH D.18.2X40,Average Cost
121269,99731A,9098731000 ARM SIDE KIT,Average Cost
121469,99757U,DIODE 606404 175-2757,Average Cost
121270,99824A,HW SUPPORT BRUSH DECK KIT 9098727000,Average Cost
121271,99909A,61909A COVER ELECTRICAL PANEL,Average Cost
121272,99A071,56384075 WASHER-BLACK NYLON,Average Cost
121273,99A108,9098148000 TANK RECOVERY RAL,Average Cost
121274,99A156,L08603153 SWITCH PUMP,Average Cost
121275,99A157,9100002110 COVER TANK KIT,Average Cost
121276,99A178,CAP THREADED 70X5 PKD 9100001202,Average Cost
121277,99A180,TUBE PRESSURE SENSING W/ELBOW 56344172,Average Cost
121278,99A182,RIVET POP 1/8 STEELLONG 930113,Average Cost
121279,99A183,BARB HOSE STRAIGHT D.16 G3/8 K 9100001780,Average Cost
121280,99A274,107407286 HANDLE 75L,Average Cost
121281,99A276,107407272 AXLE 200MM,Average Cost
121282,99A277,56112261 BRUSH SKIRT ASSY-34D,Average Cost
121283,99A328,WSH-FLT SS .281 X 1.25 X .05 56003817,Average Cost
121284,99A497,107413497 SOLUTION FILTER,Average Cost
121285,99A530,107413519 SOLUTION TANK NATURA,Average Cost
121286,99A531,107413510 USER INTERFACE,Average Cost
121287,99A575,56104573 HARNESS-DRIVE MOTOR,Average Cost
121288,99A638,2-00-02310 LK WASH HELICAL SPR 980638,Average Cost
121289,99A744,HARDWARE RECOVERY TANK KIT 9100000740,Average Cost
121290,99A777,56104777 MODULE-HIGH POWER,Average Cost
121291,99A799,56122799 USER INTERFACE KIT,Average Cost
121292,99A816,FLOAT BASKET ELIMINATOR 1408680500,Average Cost
121293,99A817,56414124 SHEAVE-POLY V,Average Cost
121294,99A822,56414125 BELT-AUTO TENSION,Average Cost
121295,99A832,56414178 BELT GUARD ASSY,Average Cost
121296,99A840,56384157 GASKET-FILTER,Average Cost
121297,99A841,SCR SOC SET LOC 1/4-20 X .25 56001841,Average Cost
121298,99A853,SUPPORT LOWER F SQUEEGEE PKD 9100000853,Average Cost
121299,99A880,FILTER WATER INLET PKD 9100000899,Average Cost
121300,99A898,HARDWARE COVER AND TANKS KIT 9098990000,Average Cost
121301,99A904,AUTOMATIC WATER FILLING KIT 9100000005,Average Cost
120973,99B103,TOTE TANK/ DRUM PROPORTIONER 9010200,Average Cost
120983,99B121,PG COOLANT QDP 6983128,Average Cost
120970,99B128,MBTX12U BATTERY,Average Cost
120971,99B311,BATTERY 31PHC,Average Cost
120984,99B327,SHROUD 7112326,Average Cost
120985,99B385,PLUG 6675385,Average Cost
120986,99B386,SOCKET 6675386,Average Cost
120975,99B429,RECEIVER SCREEN 2037429,Average Cost
120976,99B433,PUMP ASSY 2037433,Average Cost
120977,99B436,SOLENOID VALVE 2037436,Average Cost
120978,99B448,HANDLE GRIP ASSY 2037448,Average Cost
120979,99B458,BRUSH ROLL 2037458,Average Cost
120972,99B461,24F60 BATTERY,Average Cost
120987,99B616,CONNECTOR 10L1616,Average Cost
120980,99B675,CAPINSERT WATER TANK 2036675,Average Cost
120988,99B791,O RING 10 79K16,Average Cost
120989,99B808,FITTING 10L0808,Average Cost
121302,99C403,41403B BREAKERCIRCUIT18A QD 41403A,Average Cost
121303,99C505,467504 STRAIN RELIEF,Average Cost
121061,99F003,EQUODOSE PUMP BLUE LEVER P110020UA,Average Cost
121062,99F212,TANK DOSING SYSTEM P321200UA,Average Cost
121059,99F910,PLASTIC SPRAYER HOLDER  EA P190208U  DARK GRAY  S/O,Average Cost
121060,99F911,PLASTIC CLIP HANDLE HOLDER  EA 60072U  DARK GRAY  S/O,Average Cost
121063,99F922,PLASTIC PIN P190922U,Average Cost
121064,99F925,BAG HOLDER PLASTIC PIN P190925E,Average Cost
121065,99F952,PLASTIC LOCKING DOOR P3909952E,Average Cost
121073,99G188,APEX SQUEEGEES GSQ1189XX2 FITS TENNANT 1203953 & 1203954,Average Cost
121074,99G217,BATTERY CHARGER 175 AMP RED DC SMART CHARGE GCH2436S2175R,Average Cost
121075,99G235,SQUEEGEE SET 9016745 GSQ1235XX2,Average Cost
121076,99G260,GASKET SQUEEGEE .25 NEO GGASKT009 603260 100150,Average Cost
121077,99G833,WHEEL 3INx1.375IN W BALL BRIN GWHW016 20833,Average Cost
121092,99H023,HANDLE SOLUTION PUMP SWITCH K1002-3,Average Cost
121679,99H034,INTERNAL TANK FILTER 6 PK AR0034-KIT,Average Cost
121093,99H076,KIT2076 SPRAY TIP ASSY,Average Cost
121094,99H200,K2000 HANDLE REPLACEMENT KIT2020B,Average Cost
121095,99H201,EXTERNAL FILTER KIT2000-1,Average Cost
121104,99I589,BOARD DISPLAY CT80 MECE00589,Average Cost
121139,99K006,1/2 IN PUSH CAP NUT CSS01,Average Cost
121140,99K043,1/2 DIA WASHER CSS40,Average Cost
121141,99K048,SQUEEGEE HEAD BRUSH COMPLETE VBRUSH,Average Cost
121142,99K072,COTTER PIN 1/8 DIA X 11/4 LG CSS72,Average Cost
121143,99K124,5 X 1 1/2 TPU WHEEL W-1/2 BB WHL5,Average Cost
121144,99K195,AXLE 19.75 X 1/2 CR STEEL AX195,Average Cost
121205,99M039,FRONT WHEEL ASSY 90001005,Average Cost
121242,99M373,RETAINING RING 33373,Average Cost
121243,99M404,BRACKET WLDT MTG CASTER 1021404,Average Cost
121244,99M449,BUSHING 07449,Average Cost
121245,99M468,WASHER 63468,Average Cost
121246,99M495,03495 NON SLIP STRIP,Average Cost
121247,99M498,CLAMP HOSE 2 1/2 - 4 1/2 INCH 23498,Average Cost
121304,99N396,SLEEVE RUBBER BLACK F SUCTION 9100002396,Average Cost
121305,99N423,56104423 CIRCUIT BREAKER-50 AM,Average Cost
121333,99P307,"FITTING,STR,BM24,PM20 853304",Average Cost
121334,99P407,"CONTACTOR,24VDC,70A 912402",Average Cost
121335,99P414,"RELAY, 24VDC, BATTERYSH 911685",Average Cost
121336,99P446,SCREWS 962446,Average Cost
121345,99P451,"30"" PROTEAM HOSE 833451",Average Cost
121337,99P545,KNOB KIT WEIGHT RETENTION 545010,Average Cost
121338,99P645,"HARNESS,CHARGER,BATTERY 911645",Average Cost
121339,99P709,WHEEL TRACTION 200MM 859704,Average Cost
121340,99P828,BRACKET MOUNTS 870828,Average Cost
121044,99PX33,PX200 TANK PX30,Average Cost
121413,99S328,LIGHT KIT 9001327 1017248,Average Cost
121414,99S542,TENNANT MOTOR 1059542,Average Cost
121415,99S563,SCREW HEX M8 X 1.25 X 130 8.8 70563,Average Cost
121416,99S606,21606 WELDMNT RETAINER,Average Cost
121417,99S906,1208906 CAM,Average Cost
121418,99S930,NUT 02931,Average Cost
121419,99S952,BOLT 81952,Average Cost
121420,99S964,"DOOR WLDT, BRUSH 1029964",Average Cost
121426,99T153,BASEPLATE SQUEEGEE B015-3000B,Average Cost
121427,99T611,K57316110 VAC FILTER,Average Cost
121428,99T814,VAC BELT B014-0814B,Average Cost
121429,99T861,K28892860 HEPA FILTER,Average Cost
121470,99U234,SPRAY NOZZEL 275-9130 1037338,Average Cost
121471,99U235,MOUNTING GASKET 175-9014 600161,Average Cost
121472,99U237,LANYARD LOOP AND EYE 173-7222 8.632-759.0 86327590,Average Cost
121473,99U244,LTACH W KEEPER 275-5187 1207285,Average Cost
121474,99U277,REAR BLADE 173-7288 86326070 8.632-607.0,Average Cost
121475,99U338,SCREW 999-0534 49697,Average Cost
121476,99U363,STAR KNOBS 375-3279 1074204,Average Cost
121477,99U365,LATCH 175-4985 65695,Average Cost
121478,99U367,PULLEY BRACKET 175-7239 1000542,Average Cost
121479,99U538,SKIRT SHEILD 1005645 175-5538,Average Cost
121480,99U545,20 IN BUMPER 602545 175-0298,Average Cost
121760,99U578,BAG 10 PK 275-6578 1210869,Average Cost
121481,99U635,SQUEEGEE ASSY 192-6633,Average Cost
121482,99U727,NUT 999-0496,Average Cost
121483,99U747,SOFT POLYPROP BRUSH 9017704 375-9747,Average Cost
121484,99U748,POLYPROPYLENE BRUSH 9017703 375-9748,Average Cost
121485,99U759,240V VAC MOTOR 275-9124 9012567,Average Cost
121486,99U773,HEPA EXHAUST FILTER 215-0966 440007773,Average Cost
121487,99U777,PLUG 192-6778,Average Cost
121488,99U818,SHROUD 1224811 375-4043,Average Cost
121499,99U866,KEY 991-3066 87866,Average Cost
121489,99U889,VAC HOSE 175-0887,Average Cost
121490,99U911,BRASS STRAINING FILTER 78122 175-4814 150300,Average Cost
121491,99U912,36 VOLT 2 STAGE VAC MOTOR 225-1142,Average Cost
121492,99U913,FLEX HOSE 1 1/2 X 10 FT 203-1247,Average Cost
121493,99U914,QUICK JET BODY 175-4192 575281000,Average Cost
121494,99U918,GASKET 175-4193 575276000,Average Cost
121495,99U919,FITTING 575282000 175-4194,Average Cost
121496,99U940,16/3 ONBOARD CHARGER EXTENSION 173-5940,Average Cost
121497,99U952,SQUARE KEYWAY 175-4202 00954,Average Cost
121498,99U998,DRAIN HOSE 1222591 375-0216,Average Cost
121306,99V007,VF54007 ELBOW ADAPTOR,Average Cost
121307,99V034,VF89034 HEX BOLT M6X50,Average Cost
121308,99V035,VF89034A BOLT,Average Cost
121309,99V112,HOLDER RUBBER 1/4INCH VF85105,Average Cost
121310,99V115,VF89115 GASKET,Average Cost
121311,99V138,17 IN STRAP-SQUEEGEE BACK KIT VF90138,Average Cost
121312,99V215,HANDLE KIT SQUEEGEE LIFT VR12100,Average Cost
121313,99V260,VS13260 CHARGER 24V 13A US,Average Cost
121314,99V305,VF90305 8 IN WHEEL,Average Cost
121315,99V316,VV81316 FLOOR TOOL KIT,Average Cost
121316,99V404,VF89401 BRUSH SKIRT,Average Cost
121317,99V479,VA13479 BOLT M6X30 HEX STNLSS,Average Cost
121318,99V507,BRACKET KIT SQUEEGEE LIFT CABL VR11507,Average Cost
121319,99V508,VF89508 BUSHING,Average Cost
121320,99V602,VS13602 DRAIN HOSE,Average Cost
121321,99V612,VF89612 BUSHING GUIDE GEAR,Average Cost
121322,99V613,VF89613 SPRING HANDLE GEAR,Average Cost
121323,99V614,VF89614 GEAR HANDLE ADJUSTMENT,Average Cost
121324,99V750,VA75001TR TANK,Average Cost
121325,99V759,VS13758 TRAY DEBRIS KIT,Average Cost
120963,99Z062,HOOVER VAC WHEELS U5167-900 H-43248062,Average Cost
120964,99Z804,HOOVER BELTS H-38528040,Average Cost
120965,99Z960,ROOMBA 13 PK REPLACEMNET PARTS MZYLLC011,Average Cost
121721,BITT157,BITTERSWEET 15X17  1M/CS WHITE DINNER NAP 2PLY 1/8 FOLD,Average Cost
121754,BLVCK4,"BLVCK COW 4"" COASTER 2500/CS ROUND WHITE LIGHT WEIGHT",Average Cost
121681,CALL1010,CALL YOUR MOTHER BEV NAP 3M/CS 43820300 610A 2PLY 10X10,Average Cost
121723,CALL306,"CALL YOUR MOTHER TUNA SLD LBL 3"" WHITE CIRCLE   1M/RL",Average Cost
121724,CALL307,"CALL YOUR MOTHER SEASONAL LBL 3"" WHITE CIRCLE   1M/RL",Average Cost
121915,CALL96,CALL YOUR MOTHER COFFEE DISP WHT 96OZ BEV ON THE MOVE 25/CS,Average Cost
121725,COPPER34,COPPER SHARK 3X4  LABEL 500/RL 60# SEMI GLOSS OVAL,Average Cost
121935,FACT001,FACTORY DONUTS COFFEE SLEEVE WHITE BREW BRAND   1M/CS,Average Cost
121825,GAY1013,GAYLORD SMALL WHITE SHOPPER 79570  10X5X13   250/CS,Average Cost
121826,GAY1313,GAYLORD LARGE WHITE SHOPPER 79567   13X7X13  250/CS,Average Cost
121766,HAM16,HAMMYS 16oz CLEAR COLD CUP F216  REUSABLE CUP 500/CS,Average Cost
121747,IHMC1215,I HEART MAC & CHEESE WRAP 5M/C 12X15 BROWN KRFT GREASE RESIST,Average Cost
126150,Jef Lot Average,,Average Cost
126148,Jef Lot Numbered,,Average Cost
121924,JJ1212,JAMES JOYCE 12X12 WAXED WRAP ATLAS   WHITE ULTRA   5M/CS,Average Cost
121726,KBAKE04,"KNEAD BAKERY LRG ""KNEAD"" LABEL 4"" WHITE CIRCLE   500/RL",Average Cost
121727,KBAKE04K,"KNEAD BAKERY LRG ""K"" LABEL 4"" WHITE CIRCLE   500/RL",Average Cost
121748,KBAKE1215,KNEADS BAKERY 12X15 WRAP 5M/CS 18# KRAFT WAXED TO 21#,Average Cost
121753,KBAKE1313,KNEAD BAKERY KRAFT SHOPPER 13X7X12.5 TWIST HANDLE  250/CS,Average Cost
121728,KBAKE15,"KNEAD BAKERY SMALL KNEAD LABEL 1.5"" WHITE CIRCLE   1M/RL",Average Cost
121729,KBAKE15K,"KNEAD BAKERY SMALL ""K"" LABEL 1.5"" WHITE CIRCLE   1M/RL",Average Cost
121767,KBAKE16,KNEADS BAKERY 16oz HOT CUP XHD6 DOUBLE WALL MATTE  500/CS,Average Cost
121768,KBAKE21,KNEADS BAKERY 21oz HOT CUP XHD2 DOUBLE WALL MATTE  240/CS,Average Cost
121757,KBAKE4,KNEAD BAKERY 4LB CHAMP PAK BOX KRAFT BOX    160/CS,Average Cost
121772,KBAKE424,KNEADS BAKERY BAGUETTE BAG 1M/ 4.5X2.5X24 WHITE PAPER BAG,Average Cost
121773,KBAKE518,KNEADS BAKERY LOAF BAG 1M/ 5X3.5X18 WHITE PAPER BAG,Average Cost
121774,KBAKE612,KNEADS BAKERY LOAF BAG 1M/ 6X4.5X12.75  WHITE PAPER BAG,Average Cost
121775,KBAKE67,KNEADS BAKERY COOKIE BAG 8M/CS 6X.75X7 KRAFT GREASE RESISTANT,Average Cost
121749,LOC99,LOCAL PROVISION 9X9 WAXED WRAP WHITE ULTRA 18# TO 21#   6M/CS,Average Cost
121925,LOUN1212,CAPITAL ONE LOUNGE 12X12 WRAP WHITE ULTRA WAXED 5M/CS,Average Cost
121900,LOUN424,CAP ONE LOUNGE WDW DELI BOX 4.5X2X4.75  CUK 18PT  250/CS,Average Cost
121750,MEL99,MELINA 9X9 WAXED WRAP 6M/CS WHITE ULTRA PAPER 18# TO 21#,Average Cost
121730,MEZ400,"MEZCAL  4"" LIME GREEN LABEL WHITE SEMI GLOSS CIRCLE  1M/RL",Average Cost
121731,MEZ401,"MEZCAL  4"" PINK  LABEL WHITE SEMI GLOSS CIRCLE  1M/RL",Average Cost
121732,MEZ402,"MEZCAL  4"" TURQUOISE LABEL WHITE SEMI GLOSS CIRCLE  1M/RL",Average Cost
121907,NAT913,"NATIONS 9X12+1"" LIP & TAPE BG W/RESEALABLE TAPE    2M/CS",Average Cost
121755,PAPI4,"PAPI CUISINE 4"" ROUND COASTER 60PT  WHITE      2500/CS",Average Cost
121827,PEA1317,GEORGIA PEACH 13X7X17 SHOPPER WHITE KRAFT TWIST HNDL 250/CS,Average Cost
121769,PIT20,PIT & PEEL 20oz COLD CONTAINER WHITE GLOSS PAPER  500/CS,Average Cost
121797,R032612,D16CXL 16oz CLEAR DELI CONT 500/CS,Average Cost
121798,R032613,D08CR 8oz CLEAR DELI CONT MICROWAVEABLE 500/CS,Average Cost
121799,R032666,D32CXL 32oz CLEAR DELI CONT 500/CS TALL MICROWAVEABLE,Average Cost
121800,R032669,L409C CLEAR PP LID F/DELI CONT INSIDE FIT 500/CS,Average Cost
121898,R460585,"NP-58596U 2PLY T.T. 96/500 4.5X3.5"" WHT",Average Cost
121722,UMD142,"UNION 14"" PIZZA BOX  50/BD UMD WHITE B FLUTE",Average Cost
121751,WOR1212A,WORLDS OF FUN ANNIV 12X12 WRAP WHITE 20# G/R 5M/CS,Average Cost
121674,Z1612BLA,16X6X12 BLACK TWILL HNDL SHPR MB-MH16BLA  BLACK HNDL  100/CS,Average Cost
121675,Z8410BLA,8X4X10 BLACK TWILL HNDL SHPR MB-MH8BLA  BLACK HNDL   100/CS,Average Cost